title,text,label
U.S. Federal Reserve Keeps Interest Rates Steady Amid Inflation Data,"WASHINGTON (Reuters) - The Federal Reserve maintained its benchmark interest rate at current levels following a two-day policy meeting, signaling that officials are evaluating incoming economic indicators before considering future rate adjustments.",0
Official Report: U.S. Federal Reserve Keeps Interest Rates Steady Amid Inflation Data,"According to verified press statements, washington (reuters) - the federal reserve maintained its benchmark interest rate at current levels following a two-day policy meeting, signaling that officials are evaluating incoming economic indicators before considering future rate adjustments.",0
Confirmed: U.S. Federal Reserve Keeps Interest Rates Steady Amid Inflation Data,"Independent news correspondents verified that washington (reuters) - the federal reserve maintained its benchmark interest rate at current levels following a two-day policy meeting, signaling that officials are evaluating incoming economic indicators before considering future rate adjustments.",0
European Union Passes Comprehensive Artificial Intelligence Regulations,BRUSSELS (AP) - The European Parliament approved landmark legislation governing artificial intelligence systems across member states. The law establishes risk-based categories for AI applications.,0
Official Report: European Union Passes Comprehensive Artificial Intelligence Regulations,"According to verified press statements, brussels (ap) - the european parliament approved landmark legislation governing artificial intelligence systems across member states. the law establishes risk-based categories for ai applications.",0
Confirmed: European Union Passes Comprehensive Artificial Intelligence Regulations,Independent news correspondents verified that brussels (ap) - the european parliament approved landmark legislation governing artificial intelligence systems across member states. the law establishes risk-based categories for ai applications.,0
NASA Webb Space Telescope Identifies Atmospheric Water Vapor on Exoplanet,"GREENBELT, Md. (NASA) - Astronomers utilizing the James Webb Space Telescope detected atmospheric water vapor signatures on a distant exoplanet located 120 light-years from Earth.",0
Official Report: NASA Webb Space Telescope Identifies Atmospheric Water Vapor on Exoplanet,"According to verified press statements, greenbelt, md. (nasa) - astronomers utilizing the james webb space telescope detected atmospheric water vapor signatures on a distant exoplanet located 120 light-years from earth.",0
Confirmed: NASA Webb Space Telescope Identifies Atmospheric Water Vapor on Exoplanet,"Independent news correspondents verified that greenbelt, md. (nasa) - astronomers utilizing the james webb space telescope detected atmospheric water vapor signatures on a distant exoplanet located 120 light-years from earth.",0
World Health Organization Reports Global Decline in Infectious Disease Outbreaks,GENEVA (WHO) - Global surveillance data published by the World Health Organization indicates a measurable decline in seasonal infectious disease transmission rates over the past quarter.,0
Official Report: World Health Organization Reports Global Decline in Infectious Disease Outbreaks,"According to verified press statements, geneva (who) - global surveillance data published by the world health organization indicates a measurable decline in seasonal infectious disease transmission rates over the past quarter.",0
Confirmed: World Health Organization Reports Global Decline in Infectious Disease Outbreaks,Independent news correspondents verified that geneva (who) - global surveillance data published by the world health organization indicates a measurable decline in seasonal infectious disease transmission rates over the past quarter.,0
Japan Central Bank Nears End of Negative Interest Rate Policy,TOKYO (Reuters) - The Bank of Japan signaled a potential shift away from its longstanding negative interest rate regime following strong wage negotiations between major industrial unions.,0
Official Report: Japan Central Bank Nears End of Negative Interest Rate Policy,"According to verified press statements, tokyo (reuters) - the bank of japan signaled a potential shift away from its longstanding negative interest rate regime following strong wage negotiations between major industrial unions.",0
Confirmed: Japan Central Bank Nears End of Negative Interest Rate Policy,Independent news correspondents verified that tokyo (reuters) - the bank of japan signaled a potential shift away from its longstanding negative interest rate regime following strong wage negotiations between major industrial unions.,0
Global Renewable Energy Capacity Grows by Record Margins in 2025,"PARIS (IEA) - The International Energy Agency reported that renewable power capacity additions reached an all-time high worldwide, driven by solar photovoltaic installations and wind farms.",0
Official Report: Global Renewable Energy Capacity Grows by Record Margins in 2025,"According to verified press statements, paris (iea) - the international energy agency reported that renewable power capacity additions reached an all-time high worldwide, driven by solar photovoltaic installations and wind farms.",0
Confirmed: Global Renewable Energy Capacity Grows by Record Margins in 2025,"Independent news correspondents verified that paris (iea) - the international energy agency reported that renewable power capacity additions reached an all-time high worldwide, driven by solar photovoltaic installations and wind farms.",0
Automaker Unveils Solid-State Battery Prototype for Electric Vehicles,DETROIT (Bloomberg) - A major automotive manufacturer demonstrated a functional solid-state battery cell capable of powering electric vehicles up to 600 miles on a single charge.,0
Official Report: Automaker Unveils Solid-State Battery Prototype for Electric Vehicles,"According to verified press statements, detroit (bloomberg) - a major automotive manufacturer demonstrated a functional solid-state battery cell capable of powering electric vehicles up to 600 miles on a single charge.",0
Confirmed: Automaker Unveils Solid-State Battery Prototype for Electric Vehicles,Independent news correspondents verified that detroit (bloomberg) - a major automotive manufacturer demonstrated a functional solid-state battery cell capable of powering electric vehicles up to 600 miles on a single charge.,0
United Nations Climate Summit Concludes with Carbon Offset Framework,GENEVA (UN) - Representatives from nearly two hundred nations finalized international standards for carbon credit trading mechanisms to prevent double-counting of emissions.,0
Official Report: United Nations Climate Summit Concludes with Carbon Offset Framework,"According to verified press statements, geneva (un) - representatives from nearly two hundred nations finalized international standards for carbon credit trading mechanisms to prevent double-counting of emissions.",0
Confirmed: United Nations Climate Summit Concludes with Carbon Offset Framework,Independent news correspondents verified that geneva (un) - representatives from nearly two hundred nations finalized international standards for carbon credit trading mechanisms to prevent double-counting of emissions.,0
Breakthrough Semiconductor Manufacturing Process Achieves 2-Nanometer Scale,"HSINCHU (Reuters) - Leading semiconductor fabrication facilities successfully produced commercial test wafers at the two-nanometer node, providing improved computational efficiency.",0
Official Report: Breakthrough Semiconductor Manufacturing Process Achieves 2-Nanometer Scale,"According to verified press statements, hsinchu (reuters) - leading semiconductor fabrication facilities successfully produced commercial test wafers at the two-nanometer node, providing improved computational efficiency.",0
Confirmed: Breakthrough Semiconductor Manufacturing Process Achieves 2-Nanometer Scale,"Independent news correspondents verified that hsinchu (reuters) - leading semiconductor fabrication facilities successfully produced commercial test wafers at the two-nanometer node, providing improved computational efficiency.",0
Global Shipping Logistics Normalize Following Supply Chain Bottleneck Clearance,SINGAPORE (Maritime Executive) - Container shipping freight indices returned to historical averages as port congestion cleared across major international trade hubs.,0
Official Report: Global Shipping Logistics Normalize Following Supply Chain Bottleneck Clearance,"According to verified press statements, singapore (maritime executive) - container shipping freight indices returned to historical averages as port congestion cleared across major international trade hubs.",0
Confirmed: Global Shipping Logistics Normalize Following Supply Chain Bottleneck Clearance,Independent news correspondents verified that singapore (maritime executive) - container shipping freight indices returned to historical averages as port congestion cleared across major international trade hubs.,0
Global Trade Organization Releases Annual World Trade Statistics Report,"GENEVA (WTO) - International trade volumes grew by three point two percent over the preceding fiscal year, driven by expanding service sectors and digital cross-border transactions.",0
Official Report: Global Trade Organization Releases Annual World Trade Statistics Report,"According to verified press statements, geneva (wto) - international trade volumes grew by three point two percent over the preceding fiscal year, driven by expanding service sectors and digital cross-border transactions.",0
Confirmed: Global Trade Organization Releases Annual World Trade Statistics Report,"Independent news correspondents verified that geneva (wto) - international trade volumes grew by three point two percent over the preceding fiscal year, driven by expanding service sectors and digital cross-border transactions.",0
Scientists Successfully Map Complete Genome Sequence of Ancient Plant Species,"CAMBRIDGE (Nature) - Researchers decoded the full genomic sequence of a fossilized botanical specimen dating back fifty million years, providing insights into climate adaptation.",0
Official Report: Scientists Successfully Map Complete Genome Sequence of Ancient Plant Species,"According to verified press statements, cambridge (nature) - researchers decoded the full genomic sequence of a fossilized botanical specimen dating back fifty million years, providing insights into climate adaptation.",0
Confirmed: Scientists Successfully Map Complete Genome Sequence of Ancient Plant Species,"Independent news correspondents verified that cambridge (nature) - researchers decoded the full genomic sequence of a fossilized botanical specimen dating back fifty million years, providing insights into climate adaptation.",0
Central Bank Inflation Report Shows Price Index Stabilization,"LONDON (BBC) - Consumer price inflation moderated across Western European economies, driven by falling energy costs and stabilized food supply chains following harvest recoveries.",0
Official Report: Central Bank Inflation Report Shows Price Index Stabilization,"According to verified press statements, london (bbc) - consumer price inflation moderated across western european economies, driven by falling energy costs and stabilized food supply chains following harvest recoveries.",0
Confirmed: Central Bank Inflation Report Shows Price Index Stabilization,"Independent news correspondents verified that london (bbc) - consumer price inflation moderated across western european economies, driven by falling energy costs and stabilized food supply chains following harvest recoveries.",0
Engineers Complete Infrastructure Audit of Major Transcontinental Railway,"CHICAGO (Rail Journal) - Railway inspectors verified structural integrity metrics across twelve thousand miles of mainline track, confirming compliance with federal safety specifications.",0
Official Report: Engineers Complete Infrastructure Audit of Major Transcontinental Railway,"According to verified press statements, chicago (rail journal) - railway inspectors verified structural integrity metrics across twelve thousand miles of mainline track, confirming compliance with federal safety specifications.",0
Confirmed: Engineers Complete Infrastructure Audit of Major Transcontinental Railway,"Independent news correspondents verified that chicago (rail journal) - railway inspectors verified structural integrity metrics across twelve thousand miles of mainline track, confirming compliance with federal safety specifications.",0
Medical Researchers Publish Phase III Clinical Trial Results for Cardiac Medication,BOSTON (NEJM) - A clinical trial involving ten thousand participants demonstrated a significant reduction in cardiovascular events among high-risk patients receiving the novel compound.,0
Official Report: Medical Researchers Publish Phase III Clinical Trial Results for Cardiac Medication,"According to verified press statements, boston (nejm) - a clinical trial involving ten thousand participants demonstrated a significant reduction in cardiovascular events among high-risk patients receiving the novel compound.",0
Confirmed: Medical Researchers Publish Phase III Clinical Trial Results for Cardiac Medication,Independent news correspondents verified that boston (nejm) - a clinical trial involving ten thousand participants demonstrated a significant reduction in cardiovascular events among high-risk patients receiving the novel compound.,0
Reserve Bank of India Issues Official Notice Regarding Currency Note Specifications,"MUMBAI (RBI) - The Reserve Bank of India clarified currency design specifications and security features present on banknotes, confirming standard security threads and watermark specifications.",0
Official Report: Reserve Bank of India Issues Official Notice Regarding Currency Note Specifications,"According to verified press statements, mumbai (rbi) - the reserve bank of india clarified currency design specifications and security features present on banknotes, confirming standard security threads and watermark specifications.",0
Confirmed: Reserve Bank of India Issues Official Notice Regarding Currency Note Specifications,"Independent news correspondents verified that mumbai (rbi) - the reserve bank of india clarified currency design specifications and security features present on banknotes, confirming standard security threads and watermark specifications.",0
Fact Check Organizations Confirm False Viral Rumor Regarding Currency Awards,NEW DELHI (FactCheck) - Fact-checking agencies confirmed that viral social media claims regarding UNESCO declaring currency notes or national anthems best in the world are unfounded.,0
Official Report: Fact Check Organizations Confirm False Viral Rumor Regarding Currency Awards,"According to verified press statements, new delhi (factcheck) - fact-checking agencies confirmed that viral social media claims regarding unesco declaring currency notes or national anthems best in the world are unfounded.",0
Confirmed: Fact Check Organizations Confirm False Viral Rumor Regarding Currency Awards,Independent news correspondents verified that new delhi (factcheck) - fact-checking agencies confirmed that viral social media claims regarding unesco declaring currency notes or national anthems best in the world are unfounded.,0
Astronomers Observe Supernova Explosion in Nearby Spiral Galaxy,PASADENA (Caltech) - Astrophysicists captured high-resolution optical emissions from a Type Ia supernova occurring inside a spiral galaxy located twenty million light-years away.,0
Official Report: Astronomers Observe Supernova Explosion in Nearby Spiral Galaxy,"According to verified press statements, pasadena (caltech) - astrophysicists captured high-resolution optical emissions from a type ia supernova occurring inside a spiral galaxy located twenty million light-years away.",0
Confirmed: Astronomers Observe Supernova Explosion in Nearby Spiral Galaxy,Independent news correspondents verified that pasadena (caltech) - astrophysicists captured high-resolution optical emissions from a type ia supernova occurring inside a spiral galaxy located twenty million light-years away.,0
International Energy Commission Reports Surge in Grid Energy Storage Projects,"VIENNA (IEC) - Utility-scale battery energy storage systems experienced unprecedented deployment rates, enhancing electrical grid resilience against weather-induced disruptions.",0
Official Report: International Energy Commission Reports Surge in Grid Energy Storage Projects,"According to verified press statements, vienna (iec) - utility-scale battery energy storage systems experienced unprecedented deployment rates, enhancing electrical grid resilience against weather-induced disruptions.",0
Confirmed: International Energy Commission Reports Surge in Grid Energy Storage Projects,"Independent news correspondents verified that vienna (iec) - utility-scale battery energy storage systems experienced unprecedented deployment rates, enhancing electrical grid resilience against weather-induced disruptions.",0
Agriculture Department Forecasts Record Grain Yield Following Favorable Rainfall,NEW DELHI (AgriMinistry) - National crop estimation surveys project bumper wheat and rice harvests following well-distributed seasonal rainfall across key agricultural belts.,0
Official Report: Agriculture Department Forecasts Record Grain Yield Following Favorable Rainfall,"According to verified press statements, new delhi (agriministry) - national crop estimation surveys project bumper wheat and rice harvests following well-distributed seasonal rainfall across key agricultural belts.",0
Confirmed: Agriculture Department Forecasts Record Grain Yield Following Favorable Rainfall,Independent news correspondents verified that new delhi (agriministry) - national crop estimation surveys project bumper wheat and rice harvests following well-distributed seasonal rainfall across key agricultural belts.,0
Cybersecurity Agency Releases Technical Guidance on Cloud Infrastructure Security,WASHINGTON (CISA) - The Cybersecurity and Infrastructure Security Agency published defensive recommendations to mitigate identity management vulnerabilities in cloud enterprise environments.,0
Official Report: Cybersecurity Agency Releases Technical Guidance on Cloud Infrastructure Security,"According to verified press statements, washington (cisa) - the cybersecurity and infrastructure security agency published defensive recommendations to mitigate identity management vulnerabilities in cloud enterprise environments.",0
Confirmed: Cybersecurity Agency Releases Technical Guidance on Cloud Infrastructure Security,Independent news correspondents verified that washington (cisa) - the cybersecurity and infrastructure security agency published defensive recommendations to mitigate identity management vulnerabilities in cloud enterprise environments.,0
European Space Agency Launches Earth Observation Satellite Mission,KOUROU (ESA) - An Ariane rocket successfully delivered an advanced radar imaging satellite into polar orbit to monitor glacial ice melting and ocean surface topography.,0
Official Report: European Space Agency Launches Earth Observation Satellite Mission,"According to verified press statements, kourou (esa) - an ariane rocket successfully delivered an advanced radar imaging satellite into polar orbit to monitor glacial ice melting and ocean surface topography.",0
Confirmed: European Space Agency Launches Earth Observation Satellite Mission,Independent news correspondents verified that kourou (esa) - an ariane rocket successfully delivered an advanced radar imaging satellite into polar orbit to monitor glacial ice melting and ocean surface topography.,0
Urban Transport Authority Expands Electric Bus Fleet Across Major Metros,"LONDON (TfL) - Public transport networks introduced five hundred new zero-emission double-decker electric buses, advancing municipal carbon neutrality targets.",0
Official Report: Urban Transport Authority Expands Electric Bus Fleet Across Major Metros,"According to verified press statements, london (tfl) - public transport networks introduced five hundred new zero-emission double-decker electric buses, advancing municipal carbon neutrality targets.",0
Confirmed: Urban Transport Authority Expands Electric Bus Fleet Across Major Metros,"Independent news correspondents verified that london (tfl) - public transport networks introduced five hundred new zero-emission double-decker electric buses, advancing municipal carbon neutrality targets.",0
Oceanographic Institute Discovers Deep-Sea Hydrothermal Vent Ecosystem,WOODS HOLE (NOAA) - Marine biologists mapped previously unmapped deep-sea hydrothermal vents hosting specialized chemosynthetic organisms in the South Pacific Ocean.,0
Official Report: Oceanographic Institute Discovers Deep-Sea Hydrothermal Vent Ecosystem,"According to verified press statements, woods hole (noaa) - marine biologists mapped previously unmapped deep-sea hydrothermal vents hosting specialized chemosynthetic organisms in the south pacific ocean.",0
Confirmed: Oceanographic Institute Discovers Deep-Sea Hydrothermal Vent Ecosystem,Independent news correspondents verified that woods hole (noaa) - marine biologists mapped previously unmapped deep-sea hydrothermal vents hosting specialized chemosynthetic organisms in the south pacific ocean.,0
Pharmaceutical Regulatory Board Approves Targeted Gene Therapy for Rare Disorder,SILVER SPRING (FDA) - Medical regulators granted marketing approval for a single-dose gene therapy designed to treat severe inherited muscular dystrophy in pediatric patients.,0
Official Report: Pharmaceutical Regulatory Board Approves Targeted Gene Therapy for Rare Disorder,"According to verified press statements, silver spring (fda) - medical regulators granted marketing approval for a single-dose gene therapy designed to treat severe inherited muscular dystrophy in pediatric patients.",0
Confirmed: Pharmaceutical Regulatory Board Approves Targeted Gene Therapy for Rare Disorder,Independent news correspondents verified that silver spring (fda) - medical regulators granted marketing approval for a single-dose gene therapy designed to treat severe inherited muscular dystrophy in pediatric patients.,0
Ministry of Finance Releases Quarterly Fiscal Deficit Statistics,"NEW DELHI (PIB) - Official treasury figures indicate fiscal deficit targets remain aligned with annual budget projections, supported by robust direct tax collections.",0
Official Report: Ministry of Finance Releases Quarterly Fiscal Deficit Statistics,"According to verified press statements, new delhi (pib) - official treasury figures indicate fiscal deficit targets remain aligned with annual budget projections, supported by robust direct tax collections.",0
Confirmed: Ministry of Finance Releases Quarterly Fiscal Deficit Statistics,"Independent news correspondents verified that new delhi (pib) - official treasury figures indicate fiscal deficit targets remain aligned with annual budget projections, supported by robust direct tax collections.",0
Global Telecom Standards Body Approves 6G Technology Framework,GENEVA (ITU) - Technical committees finalized preliminary architecture standards for sixth-generation wireless telecommunication systems targeting terahertz frequency spectrums.,0
Official Report: Global Telecom Standards Body Approves 6G Technology Framework,"According to verified press statements, geneva (itu) - technical committees finalized preliminary architecture standards for sixth-generation wireless telecommunication systems targeting terahertz frequency spectrums.",0
Confirmed: Global Telecom Standards Body Approves 6G Technology Framework,Independent news correspondents verified that geneva (itu) - technical committees finalized preliminary architecture standards for sixth-generation wireless telecommunication systems targeting terahertz frequency spectrums.,0
Environmental Protection Agency Mandates Stricter Industrial Water Quality Controls,WASHINGTON (EPA) - Updated federal regulations require chemical manufacturing plants to install advanced filtration systems targeting synthetic perfluoroalkyl compounds.,0
Official Report: Environmental Protection Agency Mandates Stricter Industrial Water Quality Controls,"According to verified press statements, washington (epa) - updated federal regulations require chemical manufacturing plants to install advanced filtration systems targeting synthetic perfluoroalkyl compounds.",0
Confirmed: Environmental Protection Agency Mandates Stricter Industrial Water Quality Controls,Independent news correspondents verified that washington (epa) - updated federal regulations require chemical manufacturing plants to install advanced filtration systems targeting synthetic perfluoroalkyl compounds.,0
Civil Aviation Authority Approves Commercial Synthetic Aviation Fuel Blends,SEATTLE (FAA) - Aviation safety regulators authorized commercial airliners to operate using fifty percent sustainable synthetic fuel blends derived from captured carbon dioxide.,0
Official Report: Civil Aviation Authority Approves Commercial Synthetic Aviation Fuel Blends,"According to verified press statements, seattle (faa) - aviation safety regulators authorized commercial airliners to operate using fifty percent sustainable synthetic fuel blends derived from captured carbon dioxide.",0
Confirmed: Civil Aviation Authority Approves Commercial Synthetic Aviation Fuel Blends,Independent news correspondents verified that seattle (faa) - aviation safety regulators authorized commercial airliners to operate using fifty percent sustainable synthetic fuel blends derived from captured carbon dioxide.,0
National Science Foundation Grants Funding for Quantum Computing Laboratory,BOSTON (NSF) - A multi-institutional research consortium received fifty million dollars to construct a fault-tolerant quantum computing testbed utilizing superconducting qubits.,0
Official Report: National Science Foundation Grants Funding for Quantum Computing Laboratory,"According to verified press statements, boston (nsf) - a multi-institutional research consortium received fifty million dollars to construct a fault-tolerant quantum computing testbed utilizing superconducting qubits.",0
Confirmed: National Science Foundation Grants Funding for Quantum Computing Laboratory,Independent news correspondents verified that boston (nsf) - a multi-institutional research consortium received fifty million dollars to construct a fault-tolerant quantum computing testbed utilizing superconducting qubits.,0
Archaeologists Unearth Preserved Roman Mosaic in Mediterranean Excavation,ROME (Ansa) - Archaeological excavations near Naples revealed an intact third-century mosaic floor depicting mythological maritime scenes with vibrant glass tesserae.,0
Official Report: Archaeologists Unearth Preserved Roman Mosaic in Mediterranean Excavation,"According to verified press statements, rome (ansa) - archaeological excavations near naples revealed an intact third-century mosaic floor depicting mythological maritime scenes with vibrant glass tesserae.",0
Confirmed: Archaeologists Unearth Preserved Roman Mosaic in Mediterranean Excavation,Independent news correspondents verified that rome (ansa) - archaeological excavations near naples revealed an intact third-century mosaic floor depicting mythological maritime scenes with vibrant glass tesserae.,0
Commercial Drone Delivery Service Receives BVLOS Flight Authorization,AUSTIN (TechDaily) - Autonomous logistics operators secured regulatory approval to execute beyond-visual-line-of-sight parcel deliveries across suburban residential zones.,0
Official Report: Commercial Drone Delivery Service Receives BVLOS Flight Authorization,"According to verified press statements, austin (techdaily) - autonomous logistics operators secured regulatory approval to execute beyond-visual-line-of-sight parcel deliveries across suburban residential zones.",0
Confirmed: Commercial Drone Delivery Service Receives BVLOS Flight Authorization,Independent news correspondents verified that austin (techdaily) - autonomous logistics operators secured regulatory approval to execute beyond-visual-line-of-sight parcel deliveries across suburban residential zones.,0
Global Semiconductor Consortium Announces Standards for Chiplet Interconnects,SAN JOSE (IEEE) - Semiconductor industry leaders established open physical layer specifications to enable modular chiplet integration across heterogeneous microprocessors.,0
Official Report: Global Semiconductor Consortium Announces Standards for Chiplet Interconnects,"According to verified press statements, san jose (ieee) - semiconductor industry leaders established open physical layer specifications to enable modular chiplet integration across heterogeneous microprocessors.",0
Confirmed: Global Semiconductor Consortium Announces Standards for Chiplet Interconnects,Independent news correspondents verified that san jose (ieee) - semiconductor industry leaders established open physical layer specifications to enable modular chiplet integration across heterogeneous microprocessors.,0
Meteorological Department Predicts Normal Seasonal Monsoon Distribution,MUMBAI (IMD) - Climate forecasting models indicate seasonal precipitation levels will reach ninety-eight percent of the long-period average across all agricultural zones.,0
Official Report: Meteorological Department Predicts Normal Seasonal Monsoon Distribution,"According to verified press statements, mumbai (imd) - climate forecasting models indicate seasonal precipitation levels will reach ninety-eight percent of the long-period average across all agricultural zones.",0
Confirmed: Meteorological Department Predicts Normal Seasonal Monsoon Distribution,Independent news correspondents verified that mumbai (imd) - climate forecasting models indicate seasonal precipitation levels will reach ninety-eight percent of the long-period average across all agricultural zones.,0
University Health System Tests AI Algorithm for Early Mammogram Screening,CHICAGO (Radiology) - A clinical evaluation demonstrated that deep learning computer vision algorithms improved early breast lesion detection accuracy in routine screening.,0
Official Report: University Health System Tests AI Algorithm for Early Mammogram Screening,"According to verified press statements, chicago (radiology) - a clinical evaluation demonstrated that deep learning computer vision algorithms improved early breast lesion detection accuracy in routine screening.",0
Confirmed: University Health System Tests AI Algorithm for Early Mammogram Screening,Independent news correspondents verified that chicago (radiology) - a clinical evaluation demonstrated that deep learning computer vision algorithms improved early breast lesion detection accuracy in routine screening.,0
Global Logistics Provider Opens Automated Fulfillment Hub Near International Airport,FRANKFURT (LogisticsWorld) - A state-of-the-art sorting facility equipped with robotic sorters and autonomous guided vehicles commenced operations to process express air freight.,0
Official Report: Global Logistics Provider Opens Automated Fulfillment Hub Near International Airport,"According to verified press statements, frankfurt (logisticsworld) - a state-of-the-art sorting facility equipped with robotic sorters and autonomous guided vehicles commenced operations to process express air freight.",0
Confirmed: Global Logistics Provider Opens Automated Fulfillment Hub Near International Airport,Independent news correspondents verified that frankfurt (logisticsworld) - a state-of-the-art sorting facility equipped with robotic sorters and autonomous guided vehicles commenced operations to process express air freight.,0
Federal Trade Commission Guidelines Standardize Environmental Advertising Claims,WASHINGTON (FTC) - Consumer protection regulators issued updated regulatory guidance prohibiting deceptive eco-friendly product labeling and unverified carbon neutral assertions.,0
Official Report: Federal Trade Commission Guidelines Standardize Environmental Advertising Claims,"According to verified press statements, washington (ftc) - consumer protection regulators issued updated regulatory guidance prohibiting deceptive eco-friendly product labeling and unverified carbon neutral assertions.",0
Confirmed: Federal Trade Commission Guidelines Standardize Environmental Advertising Claims,Independent news correspondents verified that washington (ftc) - consumer protection regulators issued updated regulatory guidance prohibiting deceptive eco-friendly product labeling and unverified carbon neutral assertions.,0
International Physics Collaboration Observes Rare Neutrino Oscillation Event,"GENEVA (CERN) - Particle physics detectors recorded high-confidence signals of rare neutrino flavor transformations, offering insights into fundamental matter-antimatter asymmetry.",0
Official Report: International Physics Collaboration Observes Rare Neutrino Oscillation Event,"According to verified press statements, geneva (cern) - particle physics detectors recorded high-confidence signals of rare neutrino flavor transformations, offering insights into fundamental matter-antimatter asymmetry.",0
Confirmed: International Physics Collaboration Observes Rare Neutrino Oscillation Event,"Independent news correspondents verified that geneva (cern) - particle physics detectors recorded high-confidence signals of rare neutrino flavor transformations, offering insights into fundamental matter-antimatter asymmetry.",0
State Highway Department Completes Seismic Retrofitting on Suspension Bridge,SAN FRANCISCO (DotGov) - Structural engineers finalized installation of hydraulic shock dampers and carbon fiber reinforcement wraps on a major coastal suspension bridge.,0
Official Report: State Highway Department Completes Seismic Retrofitting on Suspension Bridge,"According to verified press statements, san francisco (dotgov) - structural engineers finalized installation of hydraulic shock dampers and carbon fiber reinforcement wraps on a major coastal suspension bridge.",0
Confirmed: State Highway Department Completes Seismic Retrofitting on Suspension Bridge,Independent news correspondents verified that san francisco (dotgov) - structural engineers finalized installation of hydraulic shock dampers and carbon fiber reinforcement wraps on a major coastal suspension bridge.,0
World Bank Approves Renewable Infrastructure Loan for Rural Electrification,WASHINGTON (WB) - A three-hundred-million-dollar development loan was allocated to expand off-grid solar microgrids across remote agricultural communities in Sub-Saharan Africa.,0
Official Report: World Bank Approves Renewable Infrastructure Loan for Rural Electrification,"According to verified press statements, washington (wb) - a three-hundred-million-dollar development loan was allocated to expand off-grid solar microgrids across remote agricultural communities in sub-saharan africa.",0
Confirmed: World Bank Approves Renewable Infrastructure Loan for Rural Electrification,Independent news correspondents verified that washington (wb) - a three-hundred-million-dollar development loan was allocated to expand off-grid solar microgrids across remote agricultural communities in sub-saharan africa.,0
National Cancer Institute Initiates Clinical Trial for mRNA Cancer Vaccine,BETHESDA (NCI) - Researchers enrolled the first cohort of patients in a Phase II trial testing personalized messenger RNA vaccines targeting recurrent melanoma mutations.,0
Official Report: National Cancer Institute Initiates Clinical Trial for mRNA Cancer Vaccine,"According to verified press statements, bethesda (nci) - researchers enrolled the first cohort of patients in a phase ii trial testing personalized messenger rna vaccines targeting recurrent melanoma mutations.",0
Confirmed: National Cancer Institute Initiates Clinical Trial for mRNA Cancer Vaccine,Independent news correspondents verified that bethesda (nci) - researchers enrolled the first cohort of patients in a phase ii trial testing personalized messenger rna vaccines targeting recurrent melanoma mutations.,0
Heavy Machinery Manufacturer Unveils Hydrogen-Powered Heavy Excavator,"MUNICH (EngineeringNet) - Construction equipment developers introduced a thirty-ton excavator powered by hydrogen fuel cells, eliminating diesel emissions on job sites.",0
Official Report: Heavy Machinery Manufacturer Unveils Hydrogen-Powered Heavy Excavator,"According to verified press statements, munich (engineeringnet) - construction equipment developers introduced a thirty-ton excavator powered by hydrogen fuel cells, eliminating diesel emissions on job sites.",0
Confirmed: Heavy Machinery Manufacturer Unveils Hydrogen-Powered Heavy Excavator,"Independent news correspondents verified that munich (engineeringnet) - construction equipment developers introduced a thirty-ton excavator powered by hydrogen fuel cells, eliminating diesel emissions on job sites.",0
National Standards Institute Publishes Cybersecurity Framework for Smart Grids,"GAITHERSBURG (NIST) - Guidelines established technical baseline controls for securing smart electric meters, substations, and automated industrial control systems.",0
Official Report: National Standards Institute Publishes Cybersecurity Framework for Smart Grids,"According to verified press statements, gaithersburg (nist) - guidelines established technical baseline controls for securing smart electric meters, substations, and automated industrial control systems.",0
Confirmed: National Standards Institute Publishes Cybersecurity Framework for Smart Grids,"Independent news correspondents verified that gaithersburg (nist) - guidelines established technical baseline controls for securing smart electric meters, substations, and automated industrial control systems.",0
Space Agency Selects Payload Instruments for Lunar South Pole Mission,FLORIDA (NASA) - Robotic landers scheduled for polar lunar deployment will carry mass spectrometers and drill assemblies to analyze subsurface water ice deposits.,0
Official Report: Space Agency Selects Payload Instruments for Lunar South Pole Mission,"According to verified press statements, florida (nasa) - robotic landers scheduled for polar lunar deployment will carry mass spectrometers and drill assemblies to analyze subsurface water ice deposits.",0
Confirmed: Space Agency Selects Payload Instruments for Lunar South Pole Mission,Independent news correspondents verified that florida (nasa) - robotic landers scheduled for polar lunar deployment will carry mass spectrometers and drill assemblies to analyze subsurface water ice deposits.,0
International Union for Conservation Reports Recovery in Humpback Whale Population,SYDNEY (IUCN) - Marine surveys confirmed that Southern Hemisphere humpback whale populations recovered to nearly ninety percent of pre-whaling historical estimates.,0
Official Report: International Union for Conservation Reports Recovery in Humpback Whale Population,"According to verified press statements, sydney (iucn) - marine surveys confirmed that southern hemisphere humpback whale populations recovered to nearly ninety percent of pre-whaling historical estimates.",0
Confirmed: International Union for Conservation Reports Recovery in Humpback Whale Population,Independent news correspondents verified that sydney (iucn) - marine surveys confirmed that southern hemisphere humpback whale populations recovered to nearly ninety percent of pre-whaling historical estimates.,0
Telecommunications Provider Expands Fiber-to-the-Home Infrastructure in Rural Counties,"DALLAS (PRNews) - High-speed gigabit optical fiber connectivity was activated across fifty thousand rural households, supported by federal broadband expansion grants.",0
Official Report: Telecommunications Provider Expands Fiber-to-the-Home Infrastructure in Rural Counties,"According to verified press statements, dallas (prnews) - high-speed gigabit optical fiber connectivity was activated across fifty thousand rural households, supported by federal broadband expansion grants.",0
Confirmed: Telecommunications Provider Expands Fiber-to-the-Home Infrastructure in Rural Counties,"Independent news correspondents verified that dallas (prnews) - high-speed gigabit optical fiber connectivity was activated across fifty thousand rural households, supported by federal broadband expansion grants.",0
Department of Transportation Establishes Testing Safety Criteria for Autonomous Trucks,DETROIT (DOT) - Regulatory guidelines defined operational design domains and mandatory fail-safe backup systems for driverless heavy freight transport testing.,0
Official Report: Department of Transportation Establishes Testing Safety Criteria for Autonomous Trucks,"According to verified press statements, detroit (dot) - regulatory guidelines defined operational design domains and mandatory fail-safe backup systems for driverless heavy freight transport testing.",0
Confirmed: Department of Transportation Establishes Testing Safety Criteria for Autonomous Trucks,Independent news correspondents verified that detroit (dot) - regulatory guidelines defined operational design domains and mandatory fail-safe backup systems for driverless heavy freight transport testing.,0
Major Port Terminal Deploys Zero-Emission Electric Gantry Cranes,ROTTERDAM (PortAuthority) - Container handling facilities replaced diesel-powered cranes with automated electric gantry units powered by offshore wind energy.,0
Official Report: Major Port Terminal Deploys Zero-Emission Electric Gantry Cranes,"According to verified press statements, rotterdam (portauthority) - container handling facilities replaced diesel-powered cranes with automated electric gantry units powered by offshore wind energy.",0
Confirmed: Major Port Terminal Deploys Zero-Emission Electric Gantry Cranes,Independent news correspondents verified that rotterdam (portauthority) - container handling facilities replaced diesel-powered cranes with automated electric gantry units powered by offshore wind energy.,0
Medical Technology Firm Receives Clearance for Wearable Continuous Glucose Monitor,BOSTON (MedTech) - Health regulators cleared a non-invasive continuous glucose tracking sensor that syncs real-time glycemic trends to patient smartphone applications.,0
Official Report: Medical Technology Firm Receives Clearance for Wearable Continuous Glucose Monitor,"According to verified press statements, boston (medtech) - health regulators cleared a non-invasive continuous glucose tracking sensor that syncs real-time glycemic trends to patient smartphone applications.",0
Confirmed: Medical Technology Firm Receives Clearance for Wearable Continuous Glucose Monitor,Independent news correspondents verified that boston (medtech) - health regulators cleared a non-invasive continuous glucose tracking sensor that syncs real-time glycemic trends to patient smartphone applications.,0
Geological Survey Maps Minerals Using Hyperspectral Satellite Imaging,RENO (USGS) - Airborne remote sensing surveys mapped high-purity lithium and rare earth element deposits across public lands using shortwave infrared spectroscopy.,0
Official Report: Geological Survey Maps Minerals Using Hyperspectral Satellite Imaging,"According to verified press statements, reno (usgs) - airborne remote sensing surveys mapped high-purity lithium and rare earth element deposits across public lands using shortwave infrared spectroscopy.",0
Confirmed: Geological Survey Maps Minerals Using Hyperspectral Satellite Imaging,Independent news correspondents verified that reno (usgs) - airborne remote sensing surveys mapped high-purity lithium and rare earth element deposits across public lands using shortwave infrared spectroscopy.,0
Shocking Discovery: Secret Miracle Plant Cures All Diabetes Instantly,Secret unreleased medical reports reveal that a rare jungle leaf cures type 1 and type 2 diabetes completely within 24 hours. Big pharmaceutical companies have been hiding this miracle natural cure from the public for decades to protect profits!,1
Viral Hoax: Shocking Discovery: Secret Miracle Plant Cures All Diabetes Instantly,Social media rumor claims that secret unreleased medical reports reveal that a rare jungle leaf cures type 1 and type 2 diabetes completely within 24 hours. big pharmaceutical companies have been hiding this miracle natural cure from the public for decades to protect profits!,1
Unverified Claim: Shocking Discovery: Secret Miracle Plant Cures All Diabetes Instantly,Debunked posts allege that secret unreleased medical reports reveal that a rare jungle leaf cures type 1 and type 2 diabetes completely within 24 hours. big pharmaceutical companies have been hiding this miracle natural cure from the public for decades to protect profits!,1
UNESCO Declares Rs 2000 Currency Note as Best Currency in the World,UNESCO has officially declared the Rs 2000 currency note as the best currency in the world. Viral social media posts claim that UNESCO awarded this title after testing paper quality and design features.,1
Viral Hoax: UNESCO Declares Rs 2000 Currency Note as Best Currency in the World,Social media rumor claims that unesco has officially declared the rs 2000 currency note as the best currency in the world. viral social media posts claim that unesco awarded this title after testing paper quality and design features.,1
Unverified Claim: UNESCO Declares Rs 2000 Currency Note as Best Currency in the World,Debunked posts allege that unesco has officially declared the rs 2000 currency note as the best currency in the world. viral social media posts claim that unesco awarded this title after testing paper quality and design features.,1
Government Embedded Nano GPS Chip in Rs 2000 Banknotes to Track Black Money,Breaking news: Government has embedded satellite micro nano GPS chips inside Rs 2000 currency notes that allow satellites to track location of cash buried underground up to 120 meters deep without any power source!,1
Viral Hoax: Government Embedded Nano GPS Chip in Rs 2000 Banknotes to Track Black Money,Social media rumor claims that breaking news: government has embedded satellite micro nano gps chips inside rs 2000 currency notes that allow satellites to track location of cash buried underground up to 120 meters deep without any power source!,1
Unverified Claim: Government Embedded Nano GPS Chip in Rs 2000 Banknotes to Track Black Money,Debunked posts allege that breaking news: government has embedded satellite micro nano gps chips inside rs 2000 currency notes that allow satellites to track location of cash buried underground up to 120 meters deep without any power source!,1
UNESCO Declares Indian National Anthem as Best National Anthem in the World,Social media message claims UNESCO has officially voted and declared Jana Gana Mana as the best national anthem in the world. UNESCO clarified no such declaration or award exists.,1
Viral Hoax: UNESCO Declares Indian National Anthem as Best National Anthem in the World,Social media rumor claims that social media message claims unesco has officially voted and declared jana gana mana as the best national anthem in the world. unesco clarified no such declaration or award exists.,1
Unverified Claim: UNESCO Declares Indian National Anthem as Best National Anthem in the World,Debunked posts allege that social media message claims unesco has officially voted and declared jana gana mana as the best national anthem in the world. unesco clarified no such declaration or award exists.,1
Salt Shortage Panic Sweeps Across Markets as Prices Skyrocket,Viral rumor on social media claims salt supplies are completely exhausted nationwide causing widespread panic buying. Government ministry issued a denial confirming ample salt stocks exist.,1
Viral Hoax: Salt Shortage Panic Sweeps Across Markets as Prices Skyrocket,Social media rumor claims that viral rumor on social media claims salt supplies are completely exhausted nationwide causing widespread panic buying. government ministry issued a denial confirming ample salt stocks exist.,1
Unverified Claim: Salt Shortage Panic Sweeps Across Markets as Prices Skyrocket,Debunked posts allege that viral rumor on social media claims salt supplies are completely exhausted nationwide causing widespread panic buying. government ministry issued a denial confirming ample salt stocks exist.,1
5G Wireless Antennas Cause Mass Bird Deaths and Human Mind Control,Shocking secret video footage confirms that newly erected wireless antennas contain hidden mind-control chips designed to manipulate human emotions and kill birds mid-air. SHARE THIS BEFORE IT GETS DELETED!,1
Viral Hoax: 5G Wireless Antennas Cause Mass Bird Deaths and Human Mind Control,Social media rumor claims that shocking secret video footage confirms that newly erected wireless antennas contain hidden mind-control chips designed to manipulate human emotions and kill birds mid-air. share this before it gets deleted!,1
Unverified Claim: 5G Wireless Antennas Cause Mass Bird Deaths and Human Mind Control,Debunked posts allege that shocking secret video footage confirms that newly erected wireless antennas contain hidden mind-control chips designed to manipulate human emotions and kill birds mid-air. share this before it gets deleted!,1
NASA Satellite Image Shows Entire Country Illuminated on Festival Night,Viral fake image circulated on WhatsApp allegedly shows NASA satellite photo of India fully illuminated on Diwali night. NASA confirmed the graphic is a composite computer visualization and not a real photograph.,1
Viral Hoax: NASA Satellite Image Shows Entire Country Illuminated on Festival Night,Social media rumor claims that viral fake image circulated on whatsapp allegedly shows nasa satellite photo of india fully illuminated on diwali night. nasa confirmed the graphic is a composite computer visualization and not a real photograph.,1
Unverified Claim: NASA Satellite Image Shows Entire Country Illuminated on Festival Night,Debunked posts allege that viral fake image circulated on whatsapp allegedly shows nasa satellite photo of india fully illuminated on diwali night. nasa confirmed the graphic is a composite computer visualization and not a real photograph.,1
Scientists Confirm Moon Is Made of Hollow Synthetic Metal Alloy,An anonymous whistleblower from an unnamed space agency released leaked documents proving that the Moon is actually an artificial hollow satellite constructed thousands of years ago by ancient aliens. Government officials refused to comment!,1
Viral Hoax: Scientists Confirm Moon Is Made of Hollow Synthetic Metal Alloy,Social media rumor claims that an anonymous whistleblower from an unnamed space agency released leaked documents proving that the moon is actually an artificial hollow satellite constructed thousands of years ago by ancient aliens. government officials refused to comment!,1
Unverified Claim: Scientists Confirm Moon Is Made of Hollow Synthetic Metal Alloy,Debunked posts allege that an anonymous whistleblower from an unnamed space agency released leaked documents proving that the moon is actually an artificial hollow satellite constructed thousands of years ago by ancient aliens. government officials refused to comment!,1
Leaked Audio Proves World Leaders Replaced by Shape-Shifting Reptiles,A whistleblower audio recording exposes top international politicians discussing their true reptilian alien origins and secret subterranean underground bunkers. Mainstream media refuses to cover this explosive story!,1
Viral Hoax: Leaked Audio Proves World Leaders Replaced by Shape-Shifting Reptiles,Social media rumor claims that a whistleblower audio recording exposes top international politicians discussing their true reptilian alien origins and secret subterranean underground bunkers. mainstream media refuses to cover this explosive story!,1
Unverified Claim: Leaked Audio Proves World Leaders Replaced by Shape-Shifting Reptiles,Debunked posts allege that a whistleblower audio recording exposes top international politicians discussing their true reptilian alien origins and secret subterranean underground bunkers. mainstream media refuses to cover this explosive story!,1
Drinking Boiled Lemon Juice Eradicates All Viruses and Aging Forever,Top alternative doctors claim that drinking hot lemon water mixed with baking soda three times a day guarantees total immunity from every disease known to humankind and reverses physical aging by twenty years!,1
Viral Hoax: Drinking Boiled Lemon Juice Eradicates All Viruses and Aging Forever,Social media rumor claims that top alternative doctors claim that drinking hot lemon water mixed with baking soda three times a day guarantees total immunity from every disease known to humankind and reverses physical aging by twenty years!,1
Unverified Claim: Drinking Boiled Lemon Juice Eradicates All Viruses and Aging Forever,Debunked posts allege that top alternative doctors claim that drinking hot lemon water mixed with baking soda three times a day guarantees total immunity from every disease known to humankind and reverses physical aging by twenty years!,1
Secret Underground Pyramid Discovered Under Antarctic Ice Sheet,Satellite imagery allegedly leaked by a rogue intelligence officer reveals a massive golden pyramid buried under two miles of Antarctic ice. Researchers claim it emits an mysterious energy beam into deep space every midnight!,1
Viral Hoax: Secret Underground Pyramid Discovered Under Antarctic Ice Sheet,Social media rumor claims that satellite imagery allegedly leaked by a rogue intelligence officer reveals a massive golden pyramid buried under two miles of antarctic ice. researchers claim it emits an mysterious energy beam into deep space every midnight!,1
Unverified Claim: Secret Underground Pyramid Discovered Under Antarctic Ice Sheet,Debunked posts allege that satellite imagery allegedly leaked by a rogue intelligence officer reveals a massive golden pyramid buried under two miles of antarctic ice. researchers claim it emits an mysterious energy beam into deep space every midnight!,1
Billionaire Secretly Replaces Entire Ocean Water Supply with Microchips,Investigative reports claim a secret syndicate of tech billionaires has been dumping microscopic tracking devices into global rainfall systems to monitor population movements worldwide!,1
Viral Hoax: Billionaire Secretly Replaces Entire Ocean Water Supply with Microchips,Social media rumor claims that investigative reports claim a secret syndicate of tech billionaires has been dumping microscopic tracking devices into global rainfall systems to monitor population movements worldwide!,1
Unverified Claim: Billionaire Secretly Replaces Entire Ocean Water Supply with Microchips,Debunked posts allege that investigative reports claim a secret syndicate of tech billionaires has been dumping microscopic tracking devices into global rainfall systems to monitor population movements worldwide!,1
Miracle Energy Generator Harnesses Free Infinite Electricity from Air,A self-taught inventor built a device the size of a toaster that generates unlimited free power forever without fuel or batteries. Power utility companies attempted to confiscate the plans overnight!,1
Viral Hoax: Miracle Energy Generator Harnesses Free Infinite Electricity from Air,Social media rumor claims that a self-taught inventor built a device the size of a toaster that generates unlimited free power forever without fuel or batteries. power utility companies attempted to confiscate the plans overnight!,1
Unverified Claim: Miracle Energy Generator Harnesses Free Infinite Electricity from Air,Debunked posts allege that a self-taught inventor built a device the size of a toaster that generates unlimited free power forever without fuel or batteries. power utility companies attempted to confiscate the plans overnight!,1
Ancient Scroll Predicts Asteroid Will Turn Skies Green Next Tuesday,An unverified ancient manuscript uncovered in a cave reveals that an incoming celestial object will cause Earth's atmosphere to glow neon green and grant telepathic abilities to everyone on Earth!,1
Viral Hoax: Ancient Scroll Predicts Asteroid Will Turn Skies Green Next Tuesday,Social media rumor claims that an unverified ancient manuscript uncovered in a cave reveals that an incoming celestial object will cause earth's atmosphere to glow neon green and grant telepathic abilities to everyone on earth!,1
Unverified Claim: Ancient Scroll Predicts Asteroid Will Turn Skies Green Next Tuesday,Debunked posts allege that an unverified ancient manuscript uncovered in a cave reveals that an incoming celestial object will cause earth's atmosphere to glow neon green and grant telepathic abilities to everyone on earth!,1
Leaked Documents Show Flying Saucer Fleet Staged Near International Space Station,Classified military memos leaked on underground forums show multiple unidentified glowing craft hovering directly adjacent to astronauts. Space agencies have imposed a total news blackout!,1
Viral Hoax: Leaked Documents Show Flying Saucer Fleet Staged Near International Space Station,Social media rumor claims that classified military memos leaked on underground forums show multiple unidentified glowing craft hovering directly adjacent to astronauts. space agencies have imposed a total news blackout!,1
Unverified Claim: Leaked Documents Show Flying Saucer Fleet Staged Near International Space Station,Debunked posts allege that classified military memos leaked on underground forums show multiple unidentified glowing craft hovering directly adjacent to astronauts. space agencies have imposed a total news blackout!,1
Shocking Secret: Eating Raw Garlic Cures All Known Medical Conditions,Unfiltered social media reports prove that consuming raw garlic cloves eliminates all illnesses instantly. Hospital doctors do not want you to know this one simple trick!,1
Viral Hoax: Shocking Secret: Eating Raw Garlic Cures All Known Medical Conditions,Social media rumor claims that unfiltered social media reports prove that consuming raw garlic cloves eliminates all illnesses instantly. hospital doctors do not want you to know this one simple trick!,1
Unverified Claim: Shocking Secret: Eating Raw Garlic Cures All Known Medical Conditions,Debunked posts allege that unfiltered social media reports prove that consuming raw garlic cloves eliminates all illnesses instantly. hospital doctors do not want you to know this one simple trick!,1
Mysterious Radio Signals Received From Underground City Below Sahara Desert,Amateur radio operators intercepted artificial binary transmissions emerging from deep beneath the desert sands. Researchers suspect an advanced hidden civilization lives under the dunes!,1
Viral Hoax: Mysterious Radio Signals Received From Underground City Below Sahara Desert,Social media rumor claims that amateur radio operators intercepted artificial binary transmissions emerging from deep beneath the desert sands. researchers suspect an advanced hidden civilization lives under the dunes!,1
Unverified Claim: Mysterious Radio Signals Received From Underground City Below Sahara Desert,Debunked posts allege that amateur radio operators intercepted artificial binary transmissions emerging from deep beneath the desert sands. researchers suspect an advanced hidden civilization lives under the dunes!,1
Plastic Rice Being Distributed Widely in Local Markets Across Country,Supermarkets and grain vendors are reportedly selling synthetic plastic rice manufactured from industrial polymers. Consumers are urged to test cooked rice by rolling it into bouncy balls!,1
Viral Hoax: Plastic Rice Being Distributed Widely in Local Markets Across Country,Social media rumor claims that supermarkets and grain vendors are reportedly selling synthetic plastic rice manufactured from industrial polymers. consumers are urged to test cooked rice by rolling it into bouncy balls!,1
Unverified Claim: Plastic Rice Being Distributed Widely in Local Markets Across Country,Debunked posts allege that supermarkets and grain vendors are reportedly selling synthetic plastic rice manufactured from industrial polymers. consumers are urged to test cooked rice by rolling it into bouncy balls!,1
Government Announcing Free Laptops and Smart Refrigerators for All Citizens,Click this unverified link immediately to claim your free government-sponsored laptop and household appliances under a newly launched welfare scheme. Share with ten friends to activate approval!,1
Viral Hoax: Government Announcing Free Laptops and Smart Refrigerators for All Citizens,Social media rumor claims that click this unverified link immediately to claim your free government-sponsored laptop and household appliances under a newly launched welfare scheme. share with ten friends to activate approval!,1
Unverified Claim: Government Announcing Free Laptops and Smart Refrigerators for All Citizens,Debunked posts allege that click this unverified link immediately to claim your free government-sponsored laptop and household appliances under a newly launched welfare scheme. share with ten friends to activate approval!,1
WhatsApp Charging Monthly Subscription Fee Unless You Forward This Red Heart Message,WhatsApp will start charging three dollars per month starting midnight unless users forward this warning message to twenty contacts to prove their account is active!,1
Viral Hoax: WhatsApp Charging Monthly Subscription Fee Unless You Forward This Red Heart Message,Social media rumor claims that whatsapp will start charging three dollars per month starting midnight unless users forward this warning message to twenty contacts to prove their account is active!,1
Unverified Claim: WhatsApp Charging Monthly Subscription Fee Unless You Forward This Red Heart Message,Debunked posts allege that whatsapp will start charging three dollars per month starting midnight unless users forward this warning message to twenty contacts to prove their account is active!,1
Eating Raw Onions Placed in Socks Over Night Cleans Blood of Toxins Completely,Alternative health blogs claim that putting sliced raw onions in your socks overnight draws out dangerous heavy metals and purifies your bloodstream completely while you sleep!,1
Viral Hoax: Eating Raw Onions Placed in Socks Over Night Cleans Blood of Toxins Completely,Social media rumor claims that alternative health blogs claim that putting sliced raw onions in your socks overnight draws out dangerous heavy metals and purifies your bloodstream completely while you sleep!,1
Unverified Claim: Eating Raw Onions Placed in Socks Over Night Cleans Blood of Toxins Completely,Debunked posts allege that alternative health blogs claim that putting sliced raw onions in your socks overnight draws out dangerous heavy metals and purifies your bloodstream completely while you sleep!,1
Secret Underground Tunnel Connecting Continents Discovered by Submarine,"A deep-sea naval submarine accidentally stumbled upon a massive paved highway tunnel running beneath the Atlantic Ocean floor, built by a forgotten ancient civilization!",1
Viral Hoax: Secret Underground Tunnel Connecting Continents Discovered by Submarine,"Social media rumor claims that a deep-sea naval submarine accidentally stumbled upon a massive paved highway tunnel running beneath the atlantic ocean floor, built by a forgotten ancient civilization!",1
Unverified Claim: Secret Underground Tunnel Connecting Continents Discovered by Submarine,"Debunked posts allege that a deep-sea naval submarine accidentally stumbled upon a massive paved highway tunnel running beneath the atlantic ocean floor, built by a forgotten ancient civilization!",1
Drinking Boiling Hot Water Every Hour Destroys All Pathogens in Stomach Instantly,Social media posts claim that drinking extremely hot water neutralizes all harmful bacteria and viruses in the esophagus before they enter the lungs or bloodstream!,1
Viral Hoax: Drinking Boiling Hot Water Every Hour Destroys All Pathogens in Stomach Instantly,Social media rumor claims that social media posts claim that drinking extremely hot water neutralizes all harmful bacteria and viruses in the esophagus before they enter the lungs or bloodstream!,1
Unverified Claim: Drinking Boiling Hot Water Every Hour Destroys All Pathogens in Stomach Instantly,Debunked posts allege that social media posts claim that drinking extremely hot water neutralizes all harmful bacteria and viruses in the esophagus before they enter the lungs or bloodstream!,1
Miracle Magnet Wand Regrows Lost Hair and Reverses Baldness in 3 Days,"Scientists are stunned by a magnetic comb that stimulates dormant hair follicles, guaranteeing thick luxurious hair growth within seventy-two hours of application!",1
Viral Hoax: Miracle Magnet Wand Regrows Lost Hair and Reverses Baldness in 3 Days,"Social media rumor claims that scientists are stunned by a magnetic comb that stimulates dormant hair follicles, guaranteeing thick luxurious hair growth within seventy-two hours of application!",1
Unverified Claim: Miracle Magnet Wand Regrows Lost Hair and Reverses Baldness in 3 Days,"Debunked posts allege that scientists are stunned by a magnetic comb that stimulates dormant hair follicles, guaranteeing thick luxurious hair growth within seventy-two hours of application!",1
Government Installing Secret Microphones inside Public Streetlight Bulbs,Leaked blueprints reveal municipal authorities are equipping city streetlights with directional microphones to listen to civilian street conversations covertly!,1
Viral Hoax: Government Installing Secret Microphones inside Public Streetlight Bulbs,Social media rumor claims that leaked blueprints reveal municipal authorities are equipping city streetlights with directional microphones to listen to civilian street conversations covertly!,1
Unverified Claim: Government Installing Secret Microphones inside Public Streetlight Bulbs,Debunked posts allege that leaked blueprints reveal municipal authorities are equipping city streetlights with directional microphones to listen to civilian street conversations covertly!,1
Alien Spacecraft Discovered Buried Inside Saharan Sand Dune Emits Mysterious Glow,Explorers in North Africa uncovered a disk-shaped metallic craft emitting green electromagnetic pulses. Military convoys have cordoned off the area under total blackout!,1
Viral Hoax: Alien Spacecraft Discovered Buried Inside Saharan Sand Dune Emits Mysterious Glow,Social media rumor claims that explorers in north africa uncovered a disk-shaped metallic craft emitting green electromagnetic pulses. military convoys have cordoned off the area under total blackout!,1
Unverified Claim: Alien Spacecraft Discovered Buried Inside Saharan Sand Dune Emits Mysterious Glow,Debunked posts allege that explorers in north africa uncovered a disk-shaped metallic craft emitting green electromagnetic pulses. military convoys have cordoned off the area under total blackout!,1
Eating Papaya Seeds Cleanses Body of All Parasites and Chronic Diseases,Unproven health articles claim swallowing a spoonful of bitter papaya seeds on an empty stomach cures internal infections and guarantees perfect digestion instantly!,1
Viral Hoax: Eating Papaya Seeds Cleanses Body of All Parasites and Chronic Diseases,Social media rumor claims that unproven health articles claim swallowing a spoonful of bitter papaya seeds on an empty stomach cures internal infections and guarantees perfect digestion instantly!,1
Unverified Claim: Eating Papaya Seeds Cleanses Body of All Parasites and Chronic Diseases,Debunked posts allege that unproven health articles claim swallowing a spoonful of bitter papaya seeds on an empty stomach cures internal infections and guarantees perfect digestion instantly!,1
New Virus Spreading Through Smartphone Screen Touching Reported by Unnamed Source,Unverified blogs claim touching infected touchscreen glass transmits computer viruses directly into human nerve endings. Share this emergency health advisory immediately!,1
Viral Hoax: New Virus Spreading Through Smartphone Screen Touching Reported by Unnamed Source,Social media rumor claims that unverified blogs claim touching infected touchscreen glass transmits computer viruses directly into human nerve endings. share this emergency health advisory immediately!,1
Unverified Claim: New Virus Spreading Through Smartphone Screen Touching Reported by Unnamed Source,Debunked posts allege that unverified blogs claim touching infected touchscreen glass transmits computer viruses directly into human nerve endings. share this emergency health advisory immediately!,1
Secret Space Station Recorded Alien Fleet Passing Earth Heading Toward Sun,Amateur astronomers using home telescopes captured video of hundreds of glowing triangular vessels traveling in formation across the solar system toward the Sun!,1
Viral Hoax: Secret Space Station Recorded Alien Fleet Passing Earth Heading Toward Sun,Social media rumor claims that amateur astronomers using home telescopes captured video of hundreds of glowing triangular vessels traveling in formation across the solar system toward the sun!,1
Unverified Claim: Secret Space Station Recorded Alien Fleet Passing Earth Heading Toward Sun,Debunked posts allege that amateur astronomers using home telescopes captured video of hundreds of glowing triangular vessels traveling in formation across the solar system toward the sun!,1
Baking Soda Mixed with Honey Eradicates Severe Tumors in 10 Days,Holistic health posts claim consuming a tablespoon of baking soda and maple syrup completely dissolves abnormal cellular growths without surgery or chemotherapy!,1
Viral Hoax: Baking Soda Mixed with Honey Eradicates Severe Tumors in 10 Days,Social media rumor claims that holistic health posts claim consuming a tablespoon of baking soda and maple syrup completely dissolves abnormal cellular growths without surgery or chemotherapy!,1
Unverified Claim: Baking Soda Mixed with Honey Eradicates Severe Tumors in 10 Days,Debunked posts allege that holistic health posts claim consuming a tablespoon of baking soda and maple syrup completely dissolves abnormal cellular growths without surgery or chemotherapy!,1
World Leaders Secretly Meet in Underground Cavern to Control Global Weather,Conspiracy theorists claim international diplomats met in a subterranean mountain bunker to calibrate weather modification satellites and control global rainfall!,1
Viral Hoax: World Leaders Secretly Meet in Underground Cavern to Control Global Weather,Social media rumor claims that conspiracy theorists claim international diplomats met in a subterranean mountain bunker to calibrate weather modification satellites and control global rainfall!,1
Unverified Claim: World Leaders Secretly Meet in Underground Cavern to Control Global Weather,Debunked posts allege that conspiracy theorists claim international diplomats met in a subterranean mountain bunker to calibrate weather modification satellites and control global rainfall!,1
Drinking Ocean Water Filtered Through Charcoal Grants Immortality,"Alternative wellness influencers claim drinking purified seawater restores cellular DNA telomeres, effectively granting physical youth and stopping aging!",1
Viral Hoax: Drinking Ocean Water Filtered Through Charcoal Grants Immortality,"Social media rumor claims that alternative wellness influencers claim drinking purified seawater restores cellular dna telomeres, effectively granting physical youth and stopping aging!",1
Unverified Claim: Drinking Ocean Water Filtered Through Charcoal Grants Immortality,"Debunked posts allege that alternative wellness influencers claim drinking purified seawater restores cellular dna telomeres, effectively granting physical youth and stopping aging!",1
Secret Military Base Discovered Floating on Artificial Cloud Above Ocean,Pilot photos allegedly show a floating military platform disguised as a dense white cloud suspended ten thousand feet over the Pacific Ocean!,1
Viral Hoax: Secret Military Base Discovered Floating on Artificial Cloud Above Ocean,Social media rumor claims that pilot photos allegedly show a floating military platform disguised as a dense white cloud suspended ten thousand feet over the pacific ocean!,1
Unverified Claim: Secret Military Base Discovered Floating on Artificial Cloud Above Ocean,Debunked posts allege that pilot photos allegedly show a floating military platform disguised as a dense white cloud suspended ten thousand feet over the pacific ocean!,1
Eating Raw Ginger Root Eliminates Toothaches and Dental Cavities in Minutes,Social media claims pressing fresh ginger against infected teeth instantly fills cavities and rebuilds tooth enamel overnight without visiting a dentist!,1
Viral Hoax: Eating Raw Ginger Root Eliminates Toothaches and Dental Cavities in Minutes,Social media rumor claims that social media claims pressing fresh ginger against infected teeth instantly fills cavities and rebuilds tooth enamel overnight without visiting a dentist!,1
Unverified Claim: Eating Raw Ginger Root Eliminates Toothaches and Dental Cavities in Minutes,Debunked posts allege that social media claims pressing fresh ginger against infected teeth instantly fills cavities and rebuilds tooth enamel overnight without visiting a dentist!,1
Ancient Pyramid Found Under Amazon Rainforest Emits Quantum Energy Signals,Satellite mapping uncovered a step pyramid beneath dense jungle canopy that broadcasts low-frequency electromagnetic signals every lunar eclipse!,1
Viral Hoax: Ancient Pyramid Found Under Amazon Rainforest Emits Quantum Energy Signals,Social media rumor claims that satellite mapping uncovered a step pyramid beneath dense jungle canopy that broadcasts low-frequency electromagnetic signals every lunar eclipse!,1
Unverified Claim: Ancient Pyramid Found Under Amazon Rainforest Emits Quantum Energy Signals,Debunked posts allege that satellite mapping uncovered a step pyramid beneath dense jungle canopy that broadcasts low-frequency electromagnetic signals every lunar eclipse!,1
Drinking Apple Cider Vinegar Mixed with Cinnamon Burns 10 Pounds of Fat Daily,Dietary blogs claim drinking a potion of vinegar and cinnamon before bed burns body fat at a rate of ten pounds per night with zero diet or exercise!,1
Viral Hoax: Drinking Apple Cider Vinegar Mixed with Cinnamon Burns 10 Pounds of Fat Daily,Social media rumor claims that dietary blogs claim drinking a potion of vinegar and cinnamon before bed burns body fat at a rate of ten pounds per night with zero diet or exercise!,1
Unverified Claim: Drinking Apple Cider Vinegar Mixed with Cinnamon Burns 10 Pounds of Fat Daily,Debunked posts allege that dietary blogs claim drinking a potion of vinegar and cinnamon before bed burns body fat at a rate of ten pounds per night with zero diet or exercise!,1
Government Secretly Testing Telepathic Communication Chips in Tap Water,Conspiracy posts claim municipal water treatment plants are adding nano-sensors that link brainwaves directly to central supercomputers!,1
Viral Hoax: Government Secretly Testing Telepathic Communication Chips in Tap Water,Social media rumor claims that conspiracy posts claim municipal water treatment plants are adding nano-sensors that link brainwaves directly to central supercomputers!,1
Unverified Claim: Government Secretly Testing Telepathic Communication Chips in Tap Water,Debunked posts allege that conspiracy posts claim municipal water treatment plants are adding nano-sensors that link brainwaves directly to central supercomputers!,1
Giant Metallic Sphere Discovered in Farm Field Floats 3 Feet Off Ground,Farmers in a remote valley discovered a polished chrome sphere that hovers above the soil and responds to vocal commands with harmonious tones!,1
Viral Hoax: Giant Metallic Sphere Discovered in Farm Field Floats 3 Feet Off Ground,Social media rumor claims that farmers in a remote valley discovered a polished chrome sphere that hovers above the soil and responds to vocal commands with harmonious tones!,1
Unverified Claim: Giant Metallic Sphere Discovered in Farm Field Floats 3 Feet Off Ground,Debunked posts allege that farmers in a remote valley discovered a polished chrome sphere that hovers above the soil and responds to vocal commands with harmonious tones!,1
Eating Raw Honey Mixed with Cinnamon Heals All Joint Inflammation Instantly,Viral health posts claim a daily paste of raw honey and cinnamon completely rebuilds knee cartilage and eliminates arthritis pain within twenty-four hours!,1
Viral Hoax: Eating Raw Honey Mixed with Cinnamon Heals All Joint Inflammation Instantly,Social media rumor claims that viral health posts claim a daily paste of raw honey and cinnamon completely rebuilds knee cartilage and eliminates arthritis pain within twenty-four hours!,1
Unverified Claim: Eating Raw Honey Mixed with Cinnamon Heals All Joint Inflammation Instantly,Debunked posts allege that viral health posts claim a daily paste of raw honey and cinnamon completely rebuilds knee cartilage and eliminates arthritis pain within twenty-four hours!,1
Secret Alien Library Found Deep Below Egyptian Sphinx Contains All World Secrets,Underground radar scans allegedly revealed a hidden subterranean chamber beneath the Sphinx holding crystal data disks containing ancient human history!,1
Viral Hoax: Secret Alien Library Found Deep Below Egyptian Sphinx Contains All World Secrets,Social media rumor claims that underground radar scans allegedly revealed a hidden subterranean chamber beneath the sphinx holding crystal data disks containing ancient human history!,1
Unverified Claim: Secret Alien Library Found Deep Below Egyptian Sphinx Contains All World Secrets,Debunked posts allege that underground radar scans allegedly revealed a hidden subterranean chamber beneath the sphinx holding crystal data disks containing ancient human history!,1
Drinking Water Stored in Copper Vessels Cures All Chronic Diseases Overnight,Unverified wellness claims state keeping drinking water in copper cups overnight purifies the water completely and cures all metabolic ailments instantly!,1
Viral Hoax: Drinking Water Stored in Copper Vessels Cures All Chronic Diseases Overnight,Social media rumor claims that unverified wellness claims state keeping drinking water in copper cups overnight purifies the water completely and cures all metabolic ailments instantly!,1
Unverified Claim: Drinking Water Stored in Copper Vessels Cures All Chronic Diseases Overnight,Debunked posts allege that unverified wellness claims state keeping drinking water in copper cups overnight purifies the water completely and cures all metabolic ailments instantly!,1
Mysterious Signal from Deep Space Contains Encrypted Human DNA Sequences,Radio telescopes intercepted a repeating interstellar radio transmission that decodes directly into complex human genetic code sequences!,1
Viral Hoax: Mysterious Signal from Deep Space Contains Encrypted Human DNA Sequences,Social media rumor claims that radio telescopes intercepted a repeating interstellar radio transmission that decodes directly into complex human genetic code sequences!,1
Unverified Claim: Mysterious Signal from Deep Space Contains Encrypted Human DNA Sequences,Debunked posts allege that radio telescopes intercepted a repeating interstellar radio transmission that decodes directly into complex human genetic code sequences!,1
Government Secretly Adding Memory-Erasing Chemicals to Commercial Airline Contrails,Conspiracy theories claim high-altitude aircraft condensation trails contain chemical compounds designed to dull short-term memory in urban populations!,1
Viral Hoax: Government Secretly Adding Memory-Erasing Chemicals to Commercial Airline Contrails,Social media rumor claims that conspiracy theories claim high-altitude aircraft condensation trails contain chemical compounds designed to dull short-term memory in urban populations!,1
Unverified Claim: Government Secretly Adding Memory-Erasing Chemicals to Commercial Airline Contrails,Debunked posts allege that conspiracy theories claim high-altitude aircraft condensation trails contain chemical compounds designed to dull short-term memory in urban populations!,1
Eating Raw Garlic and Honey on Empty Stomach Prevents All Viral Infections,Viral posts claim taking raw garlic cloves soaked in wild honey every morning makes the body completely immune to every seasonal flu and respiratory virus!,1
Viral Hoax: Eating Raw Garlic and Honey on Empty Stomach Prevents All Viral Infections,Social media rumor claims that viral posts claim taking raw garlic cloves soaked in wild honey every morning makes the body completely immune to every seasonal flu and respiratory virus!,1
Unverified Claim: Eating Raw Garlic and Honey on Empty Stomach Prevents All Viral Infections,Debunked posts allege that viral posts claim taking raw garlic cloves soaked in wild honey every morning makes the body completely immune to every seasonal flu and respiratory virus!,1
Secret Underground Base Discovered Beneath Death Valley Desert by Hikers,Backpackers stumbled upon an camouflaged elevator shaft in the desert leading down fifty stories to a high-tech subterranean research facility!,1
Viral Hoax: Secret Underground Base Discovered Beneath Death Valley Desert by Hikers,Social media rumor claims that backpackers stumbled upon an camouflaged elevator shaft in the desert leading down fifty stories to a high-tech subterranean research facility!,1
Unverified Claim: Secret Underground Base Discovered Beneath Death Valley Desert by Hikers,Debunked posts allege that backpackers stumbled upon an camouflaged elevator shaft in the desert leading down fifty stories to a high-tech subterranean research facility!,1
Drinking Lemon Water Mixed with Salt Cleanses Liver and Kidneys in 1 Hour,Alternative health blogs claim drinking warm salty lemon juice flushes out all organ toxins and rejuvenates liver tissue within sixty minutes!,1
Viral Hoax: Drinking Lemon Water Mixed with Salt Cleanses Liver and Kidneys in 1 Hour,Social media rumor claims that alternative health blogs claim drinking warm salty lemon juice flushes out all organ toxins and rejuvenates liver tissue within sixty minutes!,1
Unverified Claim: Drinking Lemon Water Mixed with Salt Cleanses Liver and Kidneys in 1 Hour,Debunked posts allege that alternative health blogs claim drinking warm salty lemon juice flushes out all organ toxins and rejuvenates liver tissue within sixty minutes!,1
Ancient Golden Tablet Found in Cave Predicts Universal Peace Next Month,Archaeologists allegedly uncovered an inscribed gold plate in a mountain cavern predicting all global conflicts will permanently end next month!,1
Viral Hoax: Ancient Golden Tablet Found in Cave Predicts Universal Peace Next Month,Social media rumor claims that archaeologists allegedly uncovered an inscribed gold plate in a mountain cavern predicting all global conflicts will permanently end next month!,1
Unverified Claim: Ancient Golden Tablet Found in Cave Predicts Universal Peace Next Month,Debunked posts allege that archaeologists allegedly uncovered an inscribed gold plate in a mountain cavern predicting all global conflicts will permanently end next month!,1
Government Secretly Using Weather Satellites to Create Artificial Hurricanes,Conspiracy posts claim atmospheric research satellites use focused microwave beams to alter ocean temperatures and spawn destructive tropical storms!,1
Viral Hoax: Government Secretly Using Weather Satellites to Create Artificial Hurricanes,Social media rumor claims that conspiracy posts claim atmospheric research satellites use focused microwave beams to alter ocean temperatures and spawn destructive tropical storms!,1
Unverified Claim: Government Secretly Using Weather Satellites to Create Artificial Hurricanes,Debunked posts allege that conspiracy posts claim atmospheric research satellites use focused microwave beams to alter ocean temperatures and spawn destructive tropical storms!,1
Eating Raw Cabbage Leaves Relieves Joint Pain and Inflammation Immediately,Unverified health advisories claim wrapping raw cabbage leaves around painful knees completely removes joint swelling and restores mobility overnight!,1
Viral Hoax: Eating Raw Cabbage Leaves Relieves Joint Pain and Inflammation Immediately,Social media rumor claims that unverified health advisories claim wrapping raw cabbage leaves around painful knees completely removes joint swelling and restores mobility overnight!,1
Unverified Claim: Eating Raw Cabbage Leaves Relieves Joint Pain and Inflammation Immediately,Debunked posts allege that unverified health advisories claim wrapping raw cabbage leaves around painful knees completely removes joint swelling and restores mobility overnight!,1
Secret Underground Vault Found in Grand Canyon Holds Billions in Gold Bullion,Explorers claim to have discovered a sealed cavern inside the Grand Canyon containing thousands of ancient gold bars and jewel-encrusted artifacts!,1
Viral Hoax: Secret Underground Vault Found in Grand Canyon Holds Billions in Gold Bullion,Social media rumor claims that explorers claim to have discovered a sealed cavern inside the grand canyon containing thousands of ancient gold bars and jewel-encrusted artifacts!,1
Unverified Claim: Secret Underground Vault Found in Grand Canyon Holds Billions in Gold Bullion,Debunked posts allege that explorers claim to have discovered a sealed cavern inside the grand canyon containing thousands of ancient gold bars and jewel-encrusted artifacts!,1
