ela_mean,ela_std,ela_max,r_mean,r_std,g_mean,g_std,b_mean,b_std,rg_cov,gb_cov,rb_cov,laplacian_var,fft_high_freq_energy,noise_residual_std,exif_present,aspect_ratio,width,height,label
19.98685661204493,11.654339247072038,152.95377076201385,155.46059712816052,53.12677300221331,115.78553477491475,63.05448970855174,131.883564041364,46.24420491252038,3017.0240174343858,2323.9012767312643,2409.0508010361946,369.3569817252827,0.04173439510684404,9.325246502460901,1.0,1.5,1751.3137412277083,1029.7912063828446,0
17.34453153402092,8.309175767113496,169.73961916094402,124.51089645011868,57.84441053697946,127.50619997393716,57.82723299984809,108.54521878010944,49.76129144512201,2838.0503137268547,2752.568650244944,2542.5104160836268,347.3445279946764,0.0650184695311329,12.164853978727317,1.0,1.33,1809.5487175969376,1155.1129267681388,0
13.227367082043632,10.977370245690171,131.06517058053709,155.48483265710414,57.58399837822638,94.91849506429133,36.75166027223404,92.03427901883363,51.38154965220409,2929.679507021093,2783.426625893664,1847.0008718798035,395.15713908441086,0.08051001336162697,15.91957974838007,1.0,1.5,2117.7571795286954,1099.2832958060517,0
19.676408422390573,9.617430526958744,119.04258794836372,87.48646455586966,44.06574288890962,131.45349195021308,45.65295531994049,125.47293692339338,60.429290147188674,2884.6348049304065,2726.8769655480487,2232.5025749169863,341.04097435944465,0.10937882570864785,11.12830499637989,1.0,1.5,1898.3969635258998,1280.706579578405,0
19.446544100190536,10.38720061348719,147.2279121101683,155.76073132931938,54.713391687120385,148.16358580465212,33.661784271371786,133.0818550962549,50.69637654590537,2680.397059813653,2534.8690950834907,1785.096745013634,332.426248972999,0.08714225143023493,18.933682134224547,0.0,1.77,1764.5189345179058,918.3012794213624,0
15.992971825661854,14.288505294255184,146.5750221931937,114.40479592465923,59.106139464906846,121.74739588826473,58.780514933730224,99.55483193469824,47.37870282721786,2643.156738747137,1943.864319709795,2721.4093135964763,370.88442177439117,0.08010226913284922,13.79623859987456,1.0,1.33,1591.1202614155934,1262.9768643852024,0
15.335757519078285,10.715531271229384,146.0264560189927,95.82966158026485,49.698093492974294,117.3634894786509,46.07788088481006,96.90523388683863,58.69381618431419,3201.994752281053,2332.1289111741153,2565.492315075717,448.9612858349169,0.051470422305488955,15.514067976625425,1.0,1.5,2512.371359086046,1233.4593677412809,0
13.400829690022565,10.06165973510764,155.46281711778497,108.96344313300612,66.07212575146143,145.2936955058074,61.74628027444332,95.62590199234508,50.61515958867657,2602.6270071186696,2850.801791169942,3299.708031008169,419.88715325083035,0.08018288691480274,13.403382109502372,0.0,1.77,2080.9008097146198,897.0618137477445,0
20.48219286384694,11.597656557842342,132.23471202046773,107.28975252342303,52.14603979385445,130.01019237361137,59.3070242764306,126.5818595493633,60.91109219533684,3815.665086507733,2376.6934360250207,2515.5946459908428,234.79668418529616,0.10381454512227281,18.398190442793464,1.0,1.5,1659.856153185134,1203.528169102229,0
22.86828318792044,12.565720673747187,156.94802865153278,128.49666023982942,45.26516086112609,138.88825306177557,61.2757396305994,131.159023427361,42.364021904308636,2499.5282301344287,2070.4373398141984,2915.690717571625,451.47116179231216,0.08848972488112902,17.32160675488603,1.0,1.77,1509.0386829851109,925.6438501013483,0
21.51469419276358,11.401013729515476,164.18763941373268,135.7592000738399,76.87537727249394,121.68777774273504,42.15516312972916,114.24034756591422,42.29587499147099,3190.8720003252292,2515.9524244986087,2543.7185549898954,340.06940888946724,0.09480681635895477,13.142613302965993,1.0,1.77,2153.1149384710825,1057.7592000379461,0
11.003722263313545,8.646491255134588,107.56610758113032,102.0456005435,66.11682262517273,104.60567066016341,44.81056768745082,134.42242853120658,46.405564911233746,2967.4557876690405,2223.2918852419334,1861.2259327073102,387.41736619984937,0.04897132111818696,12.968520341267213,1.0,1.5,1753.2165306676147,1054.4530343072229,0
11.757771710250925,17.000870222765258,115.99736524539674,149.0276088843538,56.19866973071678,122.53633262528379,54.48093709583764,73.63312305404375,57.731136015779335,2595.622213085215,2959.9514805919225,2537.993254148186,320.0382752727624,0.05417567773727634,12.203471902577984,0.0,1.5,2046.6941284992195,674.9714826684785,0
18.74581725907771,10.34553383807903,157.04866669592448,109.14958523134598,54.082108468264806,129.08977102164823,58.06028635919085,88.59347904477292,47.323990113272416,2610.0218755356177,2251.7348916219894,3323.8362385152495,382.39853687687645,0.0547823209132991,17.253585841164327,1.0,1.77,1683.7194268923386,1464.724882429056,0
13.265707328221849,12.572426080576093,133.21227413643606,108.69458126956152,60.592739054879914,130.7981394067981,48.63126306323546,68.93653191122861,46.63962028297987,2855.6816443827265,2500.689172253977,2909.9334655345774,504.6834103543993,0.08827749674501614,16.203305103272875,1.0,1.77,1964.4545194137447,1201.567708066961,0
22.130051171311525,9.413994108785788,144.08565884002658,134.62435456856252,58.7364573818311,140.46631353540224,55.12823101341847,89.81113255842916,54.730528935423855,2446.7685366081864,2234.2363416093367,2428.4113587037227,341.0864978734727,0.04912549194616208,17.850680320605036,1.0,1.33,1743.1905729167365,1249.920419404205,0
19.42806194386019,10.267726011848364,157.991997508665,131.14599041753218,61.50289695071168,131.33331915462503,46.197034923545495,102.67601711566667,55.978348840986094,3044.1481061733857,2492.057394293624,2648.1042271566007,452.213191663074,0.0681685722232834,16.141292143510114,1.0,1.33,1859.3422042698319,1308.8743070949367,0
21.431458635153867,10.432855326154614,113.15985391893287,118.48053718037022,81.03188100870085,92.19001892525404,46.100854324591545,123.62492157411711,49.003798019250524,2719.9180417075722,3269.3939792403826,2250.1634237644294,348.8575561835924,0.08403814883605591,12.085789944773513,1.0,1.33,2151.2034988569335,1213.4112206939583,0
15.203413687632331,11.977957384385482,98.19964502739441,160.40863033133436,52.52725992642463,134.46863492477266,56.29688939032797,144.87337733819973,46.53357274477952,2881.529091010987,2712.4614969935205,2957.7420524864965,442.3483470727139,0.07045236538849359,12.507317670086731,0.0,1.33,2328.0334098744515,1375.6504229644927,0
14.482128639012974,10.02070005336105,116.56046291099109,93.2707276314733,51.62258260039202,145.9874497743437,38.59564841273335,133.74277828642306,56.146715634440035,3021.8771176894516,2778.605878602854,2147.2690666956755,410.9257473038077,0.06901483636917859,7.122419913764355,0.0,1.33,1987.227744543125,1082.518480156359,0
18.39070439419533,10.067475540361334,140.49020348517885,134.959965824909,66.60914886236033,137.26687486953372,67.07227720258089,98.11835361646291,56.978565093765425,2873.336802295341,3332.1251146227155,2268.5977030043878,282.8222526255379,0.06801214709111955,8.12831282707058,1.0,1.33,1762.2734934957716,1148.351195155432,0
25.504683356863545,14.376059595465126,128.46192688675194,107.03170657303284,58.93535337205205,96.23580227362844,64.82021136098048,140.9476826558683,46.246594783162365,2114.746188363649,3014.471502182857,2553.0386634464267,449.0253049578769,0.04811144682411266,12.701874931138681,0.0,1.5,2022.7370754022543,1462.3059213018855,0
19.27815031547486,12.483195154623465,171.92285887803268,137.02107888423075,49.84579855865642,144.40746693554746,46.82266861399454,100.7165598766584,43.21183440489669,2425.5019886888176,2626.6058520391334,2494.260112537147,71.74646290907549,0.07463473876100975,12.946263232583098,1.0,1.33,2187.8476092896567,967.3482777079274,0
28.15703116484357,15.491983946925608,132.20179217980444,147.99246157666164,59.20169370152758,124.20238433664437,57.61856578925201,116.1895592337307,51.92280924861982,3129.3410065115863,3279.932041863286,2702.9899386100665,313.6962668022275,0.03941538289812023,20.383910415890913,1.0,1.5,2214.4642130190246,1146.1401114127864,0
17.941126965460253,13.991013574240817,134.37229786897828,91.70613607609985,54.95040688260902,127.2561478875404,59.85874379358615,83.29369326908804,49.016709547588356,2769.8785380979507,2081.5242761580976,2799.9460427185504,409.7894425289441,0.07418615383937914,20.66527782586442,0.0,1.5,1824.1919977399025,1203.22133080395,0
15.885104058001183,8.799272179411862,113.96793348516,126.01685138272312,51.090879316895354,81.37457832270104,55.590588755540466,88.19322789169512,40.71739979784555,2783.3495862852305,2157.9560499319127,2650.227254319203,507.87687132820463,0.07241884707635358,11.321262561350053,0.0,1.33,1974.452093288193,924.9536412664625,0
18.09500592799099,12.789089941703097,139.29606123075033,126.13117899178336,56.536723045061194,148.7480290053746,50.229564871251036,117.80355694669798,56.934792506737146,2988.4147325672084,2363.8805038135038,2969.7640091773337,280.30024951080566,0.07546501145403549,12.18674037848668,1.0,1.33,2092.8523798413303,950.6854231514947,0
13.673807985542421,16.21785408768141,157.63279513898902,124.84054717366766,66.83955311112021,121.39262953765713,45.97101059070216,148.50872969993247,54.31128034947727,2385.1015382694177,2427.671302328229,2240.9965161122495,239.3760215228531,0.09852355095063284,20.22824992141039,1.0,1.33,2068.9734476894396,1041.149722353193,0
17.175044164176533,6.305123955473606,155.9496840895663,127.90408120570916,69.36131645311171,118.6588623624389,55.96438091363316,133.29999987431577,36.03070753071047,3846.6799786406373,2336.2988925894056,2802.7723068784185,401.2465605559321,0.06370431744019406,20.040940994342808,1.0,1.5,1999.7865808063298,852.1716542820235,0
19.070970662813046,18.959443558722626,107.77988780089558,122.02897189985902,51.74031889891788,109.16456377986508,57.321757662447524,139.33924030622575,56.17310519441069,2510.6643670195062,3424.862269792918,1874.2002927798244,267.38967447725645,0.08339458568780747,14.768181757436949,0.0,1.77,1975.0535469263207,1150.631524644533,0
20.127667568875385,13.740877816631219,150.32249457155382,134.50987282898348,50.40996959753468,107.74660305773003,57.19655441381383,120.35604323539754,56.56196591589004,2117.0891377489606,2309.701174681314,3381.877749783328,394.20265218779525,0.08591100901958305,16.623773100909023,1.0,1.33,2582.5351577598544,1145.3854747528326,0
17.123597884764543,14.073513952958724,95.7772938198423,129.7122911621713,61.16692155109573,93.38544757596286,60.00627830244851,122.44692096487711,46.67769668879359,3053.112746442514,3362.8632859656705,2674.565164573983,369.85764690402686,0.07081278200919512,11.950466891605625,0.0,1.77,1814.3625839088977,994.9357531676311,0
17.792964061178797,16.60235767484302,131.87450541220431,130.21057974148033,37.041576738341526,132.16455714079345,67.80038796765197,94.45996159621566,75.39553709701407,2872.8962418626616,1522.286128273949,2441.9293216131564,456.43508506152665,0.11998634412499609,16.654295644755052,1.0,1.5,2390.2783262636904,1114.1188407161726,0
21.342261593399616,9.772891643872306,93.50560677095197,128.61061683610862,76.1485726671884,116.34876804593725,52.32840804465181,154.20759960779372,54.72219695249431,2886.744414793175,2668.0043328191196,2702.6000123551958,258.8196457474635,0.05317109684400605,20.16048433637271,1.0,1.33,1892.931700783137,1236.2146535232905,0
28.154764406949944,13.309881667769485,128.23826347370894,122.33198284216913,63.56797173764204,109.50958917456605,57.96572542321188,63.94377777248113,48.16096342842891,3051.256005392268,2982.647707698772,2264.4255710126195,229.7787985895517,0.07478529670216362,11.123742976759333,0.0,1.77,1875.288999981141,1287.7652290223857,0
15.207135886738591,9.732741264645615,125.58735529393633,126.56817845012154,43.12238742786342,119.33335355305587,55.00613771768569,139.36112571735953,51.40765325776995,2264.1486007224835,2556.578286507845,2165.2941076820907,260.564387490644,0.05274592792920042,8.766238960317928,1.0,1.5,1747.901397935929,970.6282117519215,0
17.868986919136006,10.641438072165588,125.74308434645671,127.12860455383793,52.96018226063316,147.0718737944884,33.44321134124891,139.01315074229416,59.968681539981034,1970.64390703674,2369.7787142494676,2447.7092449417255,237.3990644225743,0.0644436662481825,11.168272463602513,0.0,1.5,2445.6811330270866,1028.6365944148536,0
22.09714632711756,7.94369092450562,146.81976704554268,125.51142672818867,43.713195756753734,89.24694096776686,59.072415020591045,136.18139518771525,51.38046743707487,3486.6631105818897,2667.567909107282,3112.4201809585984,383.62596697476164,0.07448380868796017,11.327406245699972,1.0,1.5,2017.8399066726354,829.7772847229394,0
21.696108076827603,11.537744658892528,129.5455395896192,145.98018451673778,49.36525047565792,94.64769666545592,41.10359578533267,128.33221892960407,39.75656518002974,3501.9176727937456,1708.8668250041856,3295.5471109989157,366.88139737620946,0.07806573776259215,12.865242739573151,1.0,1.77,2039.7408343056213,1102.8455297324078,0
18.60120704584751,11.09096946946536,138.86108752557865,131.1560353778412,41.318652858746994,95.73266240209716,57.202848658159006,118.75903963881473,48.528133309178564,2807.373573226157,2632.081048037435,2378.6985310731616,287.735621967815,0.08391690510195363,11.564881667154904,0.0,1.33,1899.3058018962624,564.3569140675016,0
15.754532563617365,12.785509332376128,131.51568869576428,112.07581276354001,62.29100956643651,103.50217515404209,56.98135855329576,85.67962164265774,72.08609548580947,2713.725789239497,2377.1591900674985,3068.6570201848667,316.50361273548407,0.10909855616651333,15.61478149145958,0.0,1.33,1884.4806298361311,793.1270065682309,0
20.32408803946394,8.189961895682424,124.03121905165892,151.8262383940027,47.92977768908585,130.33140526563017,39.72498397463919,160.78892244883312,47.56357089210194,2838.1283227790877,2568.0339826886066,2849.102414375857,228.46560136110583,0.07989327058326674,12.52369352265593,1.0,1.5,1775.9632230611119,1539.6937723469666,0
12.927913953427726,8.67713543209621,173.0995675147317,110.91441738820214,47.44247449970856,161.45241415901603,58.900059017764946,101.92177994095911,51.74006324554849,3578.3485139310737,2762.8158587613298,3127.3208665936413,414.38425429870443,0.09860506691907082,14.619225087731282,1.0,1.77,1923.4045436928657,1023.3369368334774,0
18.48821573801202,11.224135960110036,142.31369643989058,99.98007338036305,75.84781973567615,106.80707786198023,49.46977492668398,96.97618334179435,54.92566999331632,2721.5989475030674,2133.753146163057,2869.3221801519803,413.33193183382326,0.07866247351045466,12.50912214585377,1.0,1.77,1948.836233082295,987.5449422589916,0
16.262015090270737,11.227069691328401,144.44267543267426,115.42502756673045,65.04604900458817,103.89706856004892,50.691898490870486,105.32591671796816,61.57582307482986,2878.6219106046296,2892.100924998081,1990.9202470548416,371.36402126954073,0.09779261591246874,14.746851967826272,1.0,1.77,2239.644112519605,1075.1445440216116,0
15.779104003484953,7.986477522038594,151.35706947542542,108.87939360658861,53.39366507167413,125.1655312521708,37.40347649504193,74.05032411910989,47.60209138712638,2981.825392919862,2782.734542846681,1947.561056690878,400.9305187530252,0.07509860763367328,11.850528264710569,0.0,1.77,1870.2830840560155,914.8830313965078,0
27.238891021624745,10.340257716133335,163.34205828767273,157.4221711557543,42.440317298741256,121.33133335332423,48.37726444364243,101.82366327569461,54.443014534455266,2550.8518014306865,2311.5317623959413,2531.0728927936298,320.12805852987447,0.056528595859757495,16.88771951454242,0.0,1.77,2234.55928155228,938.9578527340437,0
15.185519748294215,17.89344091258177,158.7567660313329,108.19779842833323,56.317582619497124,113.47436954821148,56.08660263309403,126.95698026136552,58.66887723124377,2459.777416535122,2539.7994134824894,1883.095736167414,249.41277596569245,0.0976820167311836,11.647948625784018,1.0,1.5,2192.248430525177,1087.17890995354,0
25.460012935989894,14.051206095678065,162.07427738781195,127.65132135929572,56.25889201032237,151.1637704383652,49.35194981524079,127.02914579163527,47.87009974270834,2692.5455766450787,2055.8194190181466,2295.5691161486543,275.73844388668397,0.09188737617846339,17.620617784670987,0.0,1.77,1891.5739879264793,1125.9255860327307,0
17.390114579579617,9.973060200267538,157.24526049593757,138.05069387518958,39.85963211756829,114.90403797776544,45.825808611548,106.39935146736505,44.636547463629924,2781.43185170344,2374.63240064928,2456.032315533456,438.59107426709704,0.09114357321338498,12.388316049098698,1.0,1.5,2145.5707854098096,1275.379815607413,0
15.218313480440095,11.896074756143689,180.40803927364223,110.20251447073225,41.3593066460502,144.89227982036638,59.956233401931925,104.94671888129665,49.096065745055306,2310.025979924419,2533.801863591687,3078.0246233022744,306.5916126593378,0.09754203957572585,15.891171572171295,0.0,1.77,2093.3450672643417,1035.517444308887,0
13.412165485066243,11.713524249230078,152.66535004607152,100.45480438158285,68.28109562758594,136.16199369768614,50.554029820980695,99.3608175309527,44.64703135109885,2829.682485520062,2412.8270109624664,2989.7061296658762,322.5619337357897,0.09011003621222982,14.41322534747539,0.0,1.33,2407.9558415099045,583.7410026869597,0
20.055340772262184,11.357974228952417,172.7622549909528,155.0207768000892,57.92405387861354,91.56498472718766,47.98277362365407,104.78339631449775,39.38836164437228,3261.833712743748,1947.6979310357256,3405.784278466022,507.0258107236367,0.07229879476280987,15.485486110389449,1.0,1.77,1898.3149565788729,1237.1600317301663,0
19.70183024713986,9.582559642176967,139.0457728771604,124.92794921818863,45.73308248645966,147.0611694318087,58.1415360340297,110.1387881757474,50.215086711956246,2883.353123179021,1724.1407499987695,2498.657273166555,295.4412601601761,0.05996759980210169,13.656699121342136,1.0,1.5,2195.7908609123265,1190.504817051677,0
18.4070562919505,11.314920464380137,144.2113595525717,142.60592498506497,66.80682624389829,147.42631558993088,54.60371930530949,111.21750281198055,51.169984062550846,3008.848142902032,2696.8654386611347,3136.274521227443,519.2604577533324,0.07589490740771827,20.967654726473388,1.0,1.77,2271.671774027518,1160.2687254049579,0
26.73002809670835,11.076195957944424,144.0909879218149,104.36847506259684,50.76561409963024,131.1363578612623,59.90527106277651,180.2302277378559,49.22696874701423,2426.714636941761,2786.2637889433518,2137.5908395944643,395.1421910421389,0.06995488567611753,15.13478491114118,0.0,1.33,1819.0131818036518,1150.3509353187426,0
17.632962704001997,13.25697430260189,147.67088014947842,145.6267998852862,61.990264327680926,133.8262290324249,73.73407199926706,122.64285800613123,70.74857203087089,2964.887360897573,2468.516652373761,2447.0022752925893,470.77806387587435,0.11281006785775877,16.29935156789419,1.0,1.5,2260.064032350812,1375.308069945179,0
23.520365416589804,10.436093246226177,147.91607066874818,134.88060372565477,57.08539012659126,110.09450723078244,47.29863642443364,114.43781043818821,59.381832154074914,3017.440061837773,2359.16655380728,2916.3964713658215,122.11659034959396,0.10297531400744207,9.2808586636657,0.0,1.77,1657.8148963525723,754.756457082252,0
24.867061921257548,15.844028900185103,111.87430742833436,113.94744010187597,58.46515815385527,114.60883551290026,38.56927670077728,100.52899926777486,65.60827438416015,2564.0085638342225,2437.8824120531613,2130.477256145494,397.02103882269984,0.08230303598049167,12.273940775329065,1.0,1.77,1528.6033812577725,1249.4158019970068,0
22.89000365954752,15.036273213263371,138.20954779504189,132.2531124450234,65.38990803155038,114.54044768515293,54.65808330858086,107.80862284704766,45.59241508427658,2819.354047314321,2238.733488490955,2546.324451164403,267.2036108374294,0.07620011225635241,15.845170880847585,1.0,1.5,1655.6678551420616,1403.1917006677486,0
25.886675001847266,11.467161658331698,141.35507145524326,133.00228949296434,56.1842540652775,89.86264103030466,54.9950947403327,69.06644123878661,44.138526469939045,3002.170858649927,2727.997799011438,2267.870035474109,313.3250447850466,0.06812326982003093,14.19146751059179,0.0,1.5,1911.961696009301,1120.2198093429936,0
22.20261758403045,14.76381483239496,163.7406061112076,137.7746044405837,45.85596069815613,149.40176758141973,43.97558224886919,121.65798023525873,43.96579319984514,2774.344661362803,2624.9297159153225,2731.756458334612,383.7536603388228,0.11227422538117295,15.86060290454194,1.0,1.33,2190.4423889843356,1052.2274825610657,0
16.54319006604825,13.882189194034925,133.60886475361838,143.96353650724603,62.83674360672693,95.97353091205841,59.76482141556047,82.83520862695852,59.372644215060085,3611.342876892096,2832.4370865422698,1715.637935673134,435.08525755088147,0.12492257931872024,13.590905077005912,1.0,1.5,1909.589003991033,1333.835436508626,0
20.790948512597815,19.8549174432195,140.66054085931594,92.38653265169472,56.367767772545754,76.50386822617519,48.268272525948404,150.73640528920467,52.60106918905417,2871.7667251325074,3191.8965431518354,2489.0540444180183,450.9456330347287,0.08258613950332681,15.640142390377079,1.0,1.33,1500.7445301468379,1060.950984354931,0
19.561609375665068,9.22490473727137,180.98357845369645,130.5621203818392,55.46236468468175,133.85383952422126,46.19750343393855,118.59650454168397,44.26507023713927,3423.4719640355934,2097.717047229109,2625.897838315941,376.34526281214204,0.08789651488815403,12.756294480751503,1.0,1.33,1651.3471793564706,1359.4829406120743,0
17.699423332759935,10.552591862014573,141.2737678730323,134.4392266649322,56.11372326915922,141.71076112207066,54.68780086782804,108.75328016058424,53.20953773061512,2999.854840450383,2007.37715067974,3071.2620885881233,325.92767845109125,0.07449353552989141,16.754127961227837,0.0,1.33,2240.9551496103118,897.4103853951981,0
19.742223393499252,14.230659150925334,151.7335641706016,138.62012477483114,53.04159806554959,99.70492192066928,48.86997476331261,102.10674375884625,49.35792763033963,3237.308362183972,2001.5007512976158,2659.14250935513,264.9278683585718,0.06519906164354458,16.176222257835526,0.0,1.33,1563.0164839902902,1062.343590329749,0
28.318837350617272,9.990813580075674,172.78233610888134,158.55401628152882,50.571294066336044,130.24169542533497,63.39877636189976,106.65918969827528,48.371357119181106,2567.3276344205424,2114.3924423367107,2333.796206522937,252.0847786590195,0.08068166936518452,12.190080306824076,0.0,1.33,1978.8502636736187,959.6225577597532,0
20.525165133040673,8.108460073007992,118.0943309580701,139.65950358522963,44.14195815338576,116.59653355508628,50.99541358951212,103.36943592658244,34.39105220120914,2548.428443524523,2186.5120167656555,2666.1903439479565,358.8392430959575,0.08755922919873749,12.472041181076808,1.0,1.5,2076.8333851397674,1396.6930050768187,0
16.772878428514517,15.285023686609748,115.70913020547187,114.321817973664,43.74284779028067,121.31394160752043,57.46054725801608,116.6541159273361,59.816400479761214,2500.328303748348,2585.6302464018454,2383.737577318319,378.9341268338924,0.09007472092424852,16.24718787995219,1.0,1.5,1832.7581759567886,998.4353827862911,0
13.373001318655776,8.155381685177824,115.59365245568449,110.6263614911344,65.48058475550282,120.70495027851346,53.353314668669135,112.88198721955388,52.92240794417431,3360.8288588871374,1742.3062822181464,3099.5182993900057,148.79692379719944,0.08056405423043855,21.075722064233247,1.0,1.5,2124.1973818594633,1133.4784628143807,0
19.286791224784054,10.329773865892378,159.84084699073045,121.50080486609183,48.95403872405724,129.65717718426725,45.71072412746274,115.61998546212082,49.92704802684637,3234.358226332631,2680.385328494382,2589.738946914491,415.421303936023,0.10780415098034626,16.173430919055587,0.0,1.77,1680.138323630195,1150.3095917651779,0
21.803185201344593,3.5289297933590174,137.839246004215,123.62418307130244,51.70342035452968,125.43051242902874,56.602637252471126,118.1251207751414,47.00938084760454,3053.048519913708,2518.6402955242556,2505.412830589854,245.01764917288648,0.048746904294678435,10.50631062185779,0.0,1.5,2003.4987183660644,967.2701945147314,0
16.356275374803264,11.081939460112517,125.86486485563645,131.04899428720248,49.97657210596841,120.28236084832083,46.898878230379175,81.24543021954192,57.29948199407333,2999.8107940381633,3369.699186143115,2171.971135600714,333.28316101343756,0.07742985038288389,17.468108314846393,0.0,1.77,1336.8037711544603,1619.942828083902,0
16.37519104551267,9.094232109030955,135.34656182960003,104.07044114751143,58.095722390836336,144.61783196646266,45.04580641760326,127.74678326182807,37.73811704883393,3213.181893291445,2658.1698194324863,3041.2351617454315,340.2122477887116,0.07129686804290497,16.948352308171998,1.0,1.77,1527.5854435324745,1002.0806786282415,0
20.215333327126185,14.728878560784992,150.66028158302277,145.2380662365349,57.56841866665731,128.90272346977977,51.1833995311741,125.23100014233401,51.33322262850811,2930.0707186116256,2436.6448674270014,2931.6609721932323,293.16379601320386,0.07963301958191787,18.43535170062273,1.0,1.5,2310.5223868196395,1392.3022393453705,0
18.128016596263066,10.116455324134542,149.19944285878233,111.44569260495788,71.10709798021298,122.45763595948928,49.44274914081524,119.06296672902799,39.22298968376243,2411.3543845957392,2956.157285018882,2330.6733456217275,266.2471213854448,0.09073305505054573,18.05711246398899,0.0,1.5,2135.68599319952,1085.9558526469248,0
14.608080489378663,12.43504639155151,144.91467965842708,107.77232595286512,47.956304281420756,137.3195883827121,51.6299803199609,97.8175505561724,47.035949586483845,2395.7623653173573,2474.4702393484718,2940.967606142432,347.7863465924591,0.1272726688735077,15.764078704147005,0.0,1.5,2087.0462522324997,1037.925968287791,0
15.62089498177735,8.796755816307863,105.24540489897416,86.04232973357674,59.63554058293809,122.65858785408199,48.613322079212324,107.70796145005795,51.683764332243875,2734.1747715965626,1990.5897915985452,2974.3300903124627,374.33009365358475,0.08531796959627697,17.012688110075118,1.0,1.5,1675.9063931820976,1257.719776066175,0
20.93779613395062,9.40299542999361,150.05800809828273,131.5254934169337,55.242493259954735,118.30130849936315,51.39874725197546,132.8791673641679,54.62328411033208,2812.191540106266,1933.0642643408776,2802.7217997742837,407.88908953422236,0.1260082017089394,17.726299189315114,1.0,1.77,1968.8009996992596,908.7386861113702,0
17.28556010181062,14.543852291516883,144.12495091475725,100.89716415591447,59.7731506682697,133.85156644291797,49.512816797174466,128.4253762633044,51.96014876368374,2721.028184543184,2008.4564174344077,3041.9610969933606,410.7368799935866,0.09167772588750625,19.13357801103428,1.0,1.33,2203.558118104078,1053.1965666654164,0
18.058752778916787,10.037754217294399,152.9656086768772,122.58103702784437,58.35625955125622,104.0251407995622,48.937791897736126,130.89238987221097,47.017334783265866,3490.785540493362,2348.1382494664513,2692.120737558273,424.60726654984717,0.05163268534133937,9.217573564057673,1.0,1.33,1795.1417991809578,843.8435874699321,0
21.921939998082287,11.36029660582367,175.84311821521266,126.62200488080043,53.242077572776985,114.29720829674764,50.290601153653,117.43806409294366,70.09926061262655,2664.4561319602562,2383.5856849069023,2626.8934767301034,437.2219605075408,0.051580308778544415,15.865278210728935,1.0,1.5,1674.7724471936513,1269.5651605674432,0
20.728137800175706,5.06609284271638,156.01873279258925,116.36408422719587,47.91166036534661,104.82130912271263,51.05329973057578,125.56131076190704,39.076303822462556,2875.9391344849855,2719.1680651533675,3363.340371304549,263.8647864619896,0.07300775626444393,15.284988918089438,1.0,1.5,2175.0281967950427,1255.143172480196,0
19.42466750889937,12.121687095817064,150.2347533815801,107.89338971221483,68.49590290420313,150.13089152620537,55.001686202344885,119.34060923984275,46.708632218725036,3011.4995383198643,2237.2993990136247,1688.3190672918324,132.87141596071308,0.06401003333673028,14.969134368754833,1.0,1.5,2019.5915201860448,1074.4970189898727,0
25.089006386678975,16.153148036369675,130.85807486827457,112.95575879276439,58.75019404860019,102.02906209461075,54.11254329873626,131.8537661244632,59.81546579107446,2759.938369408019,2422.603974932753,2240.0271394298097,283.8495716768112,0.07547042216196946,15.602096520448534,0.0,1.5,2268.066571075572,1032.1406446401163,0
15.128706455793111,10.789097639319111,161.0611486603076,165.6661059720693,44.489937490511736,100.28457092874257,50.81842249308498,117.44103411349695,56.295756524439966,2443.5467965594053,2096.0185660732036,2656.615732784788,329.32794238342655,0.0985344199554305,15.962079409571151,1.0,1.33,2086.6138042899656,857.9200965407958,0
20.26822206955241,8.667106723365862,188.29581997317263,126.59986761118287,57.783248930599086,105.44844315857904,49.79314609030918,105.61134342858821,45.66532009865087,3053.1847006039307,2329.161105474393,3017.1755039245145,563.0545880095859,0.07408917519706902,14.956946540729872,1.0,1.33,1518.63795263693,1190.3118540424848,0
17.053431257875815,14.875726327290401,148.08514390026903,107.31969090881587,53.39318817367504,117.44947783114279,51.137752496329654,139.6237847850558,43.25904062887816,3201.2205238644733,2385.145123149822,2691.6395535949578,355.79020690248274,0.07956389323836331,14.459191496664033,1.0,1.33,2357.2075674813063,983.4512955635935,0
14.186685566965151,12.306675789986988,172.4935691693912,131.46158546232058,52.9811719829897,114.7473971595202,41.0576643391234,134.4284150972375,49.37730242389758,2727.80803456375,3713.380875781047,2722.4886924299312,289.85671599238526,0.07147284807588913,17.945337127590264,1.0,1.77,1761.8142167279339,977.5340651155393,0
16.969839119753004,10.176363259725653,123.77573572288904,143.68619491842463,63.39723342288276,95.15021978554662,32.682818205089816,138.3942466905605,40.1695966515829,2885.097935383896,1905.0446882492774,3132.0795439564654,553.4934316241222,0.08365613818410673,14.21769205462145,1.0,1.77,1823.3581274429807,1280.699690710573,0
15.48833390960767,12.850294266011613,129.15063866587607,103.84568703859891,54.67187663197229,103.39477085321252,60.21608898419812,96.03775168365189,52.908367525498875,2558.631080496111,2605.2838451662547,2385.161404883304,249.423098011397,0.08967545481903691,13.793753134260335,0.0,1.33,2315.1345202019597,1056.3862946017844,0
9.512580403965622,10.480445032263919,165.93989093122218,124.54263875402236,47.005582141640716,110.91405141789208,57.88434018553187,127.02813850043034,48.08854320664245,2653.270235274125,2351.1319033633476,2221.811824355614,479.23005515755534,0.0735535906157732,18.151475562476488,1.0,1.33,2376.3948155767353,1165.8662043639804,0
19.529765671277193,10.777263035202733,145.94619291361684,106.53734779084303,59.03054734752145,135.62124497456333,49.35339729311666,101.90776052859617,40.30018380281672,3383.1820934262764,2304.0476671399597,2518.5169952331844,374.01244679965805,0.0856441528577987,16.73968028704321,1.0,1.77,1630.1062842704603,1110.0272232742768,0
11.180485783470704,6.307521981167373,142.816568530555,147.0119521352262,57.02349451412064,118.85797084900537,50.687261159615886,94.26356138825255,48.22511276963755,2968.6737873057778,2334.6155515357614,2907.7406100726685,365.6780027091682,0.08633958835546814,17.16598826065288,0.0,1.77,1761.9733702035028,785.6617114658624,0
16.951305188544637,7.749487813629834,150.56606069333836,139.90808394690805,47.912672032325766,108.19854516635664,53.0412562736465,88.64171060818721,39.81472184605974,3295.4528192164485,2543.590034902308,2371.175163340558,214.63048891542246,0.09704702713788944,12.446445363349092,1.0,1.33,1641.7940597428278,1127.673796546957,0
21.900790519129718,13.252735424849613,143.79163233197488,145.02092185134282,33.3741416560061,132.20175575155633,47.421470218108034,74.72607626915794,54.089620796199846,3349.463418065183,2447.769564441477,2990.678564353205,478.98226063909163,0.10629828907168096,19.419893588114178,0.0,1.77,2142.6382473215676,1007.4524173031105,0
15.98960215757507,9.760002982963744,121.38237611613192,132.06414789015687,54.84171747828027,108.77510217127428,41.15865954513705,117.33593289208866,46.243582567509335,2721.8809217671624,2615.771494905271,1574.260826830976,227.33803170327002,0.12592886153610378,12.980168479901147,1.0,1.33,2665.34021059243,939.400507946032,0
22.636060979588628,12.302794995843014,130.30065925002057,140.50890941526185,35.92514659714969,94.05961284258115,48.55354291502307,85.45610323806862,45.353777691968226,3141.485218273131,2550.2119541076727,3145.5529845589317,365.63002274813954,0.09984921662989053,14.307789099614507,1.0,1.33,1742.9173549920652,804.4598453766296,0
10.568031833502381,14.078373167658135,136.3704334084161,140.44043124006845,67.25058995663575,136.58245832838622,48.20339374992843,118.18708862246622,45.081817078744656,2516.684614959335,2630.269761712997,2258.7595079215494,173.26787047290392,0.06223704208545247,13.579356553937881,1.0,1.33,2073.5772273087823,1046.3383532075861,0
22.905620575481535,14.892740963659897,163.52350210479838,90.32032941165295,56.65379237795995,133.66089480219506,54.67076993812532,129.00511916808026,50.46680803428382,2502.0863173093894,1855.1029937052244,2335.316534254125,564.2487898910714,0.07028697647818656,8.621829321727768,1.0,1.33,2139.794808218725,1046.2820758378502,0
15.409247897266276,11.260057891485664,161.67212159660372,126.62125741387314,48.56007471255769,124.72252284582592,59.358358076902284,102.63851540195657,39.37115824323549,3676.330063949101,1976.158846983566,2452.800748819128,368.57028094869355,0.07455144597511418,14.275267466034943,1.0,1.77,1539.9316585428446,1088.8518772140658,0
16.38313195210556,12.323528145688995,144.5530656526261,82.68160009058016,65.18912265721318,111.0311781041937,45.94140770656796,119.58381651110415,50.857281822257946,3278.6763270618553,2603.3118018526065,3074.8254476899633,274.94580996578355,0.08283722110414998,11.155756878025333,0.0,1.5,1949.302756668084,1062.327408158933,0
16.51995588047149,11.353009843332243,171.97294341009433,136.2183889588248,52.636157455766714,132.54517928119324,49.66326357170793,140.80874202690612,52.95713753758475,2757.0791423983082,2670.1324318079055,1955.9407776519151,259.8586024872156,0.05612149987201889,14.92882928429112,1.0,1.5,1765.1273738972518,944.6989757101728,0
16.266960466049824,14.549811448992436,150.8565311863805,141.97533005212847,55.243964038028786,96.20221224099257,44.19720247118014,131.41771356426503,51.36665518730638,3304.082962431535,2611.4395992337827,2114.963852733829,308.2478548653476,0.09129628299365859,16.630997488715877,1.0,1.5,2176.5325896464064,1472.1382544322094,0
22.50943297269903,10.880213800782538,114.48335826860124,124.39711460958297,50.458353726250515,92.55861684085487,53.68647498102628,120.84949855730532,64.15293360210629,2655.2947724652745,2606.446127808391,2327.1509799770115,419.85355445547725,0.07750764407619741,10.982225173441773,1.0,1.5,1388.0902595379357,1332.3843001427983,0
14.377070796549525,10.36558415337795,128.08677411913015,152.48876186341636,37.91460628817043,176.4794736058799,59.39239766346236,119.9112561108415,49.56084799506971,2914.221629943063,2698.0265227841487,2864.5383902395233,394.4483572802759,0.08179161362510498,13.907984739078021,1.0,1.33,1874.6180149039465,803.0706758610793,0
21.85235599285213,10.04432744918418,118.40618594995306,142.70917917800676,61.313072201173426,121.42200150499913,59.55680534568149,146.37060479254052,60.465792622604326,2588.688410639208,2885.3598738862906,2686.772800778546,488.07262162818995,0.07752543327465654,13.430585087895007,1.0,1.77,2046.4139433294247,961.2319675506723,0
20.78841142363309,14.95613456651326,151.69006432238618,133.993118132517,48.863563947434585,123.81270742154061,46.25831069385909,114.47138712222672,36.877866886197474,2146.9766388031626,2427.4018778201284,2375.139734550934,358.54297547793385,0.07730462841769763,14.590572361630466,0.0,1.33,2102.5822327070223,1371.0042445526328,0
18.01233650730011,11.551973813436527,141.65025398646378,121.77271253980939,49.3234216563742,102.03546293076504,46.65598061894997,134.2042221089573,44.9607579622527,2738.0301592654896,2766.279788350501,2485.859619967499,400.6689051874922,0.04918413915138266,14.10244996137431,1.0,1.33,2364.371564576641,984.2845110757066,0
20.392230785811634,9.876532712110237,137.26433450061143,146.79671072900868,56.75385334203979,143.20685752888144,54.97711682959503,163.8122728984185,37.48069304624585,2713.122659975614,2087.8771585490204,2183.3378384721177,269.4253044955168,0.08335451644102441,15.1789028044656,1.0,1.77,2048.236777498535,941.0573737821884,0
16.362870247547583,10.689779005163519,143.04709744067443,108.55160135235599,63.96824533859577,120.00372716852755,51.9348977520297,107.7863162367158,51.241525470871835,3130.039305867054,2170.490518029858,2330.172239479145,325.7019176978668,0.0530825815305357,12.042226420835506,1.0,1.5,1872.1216314525013,1268.9943330777464,0
17.094956515304993,13.890133305196617,138.68904786437992,164.63383612800058,67.5502288328228,96.09426727619254,55.65570576873607,97.03911230577708,51.53205551034185,2827.3482517241046,2098.9529335048546,3033.978662847433,366.264235485526,0.07430633928654833,13.185670527269215,1.0,1.77,1961.9330909298706,513.4960858447583,0
18.067562864969936,8.396294845975557,135.81094868701848,96.90871485860717,43.66801891936426,142.2321927950735,49.75935613338927,106.27343248391782,53.86019239062873,2651.763790771019,3299.4463150084157,2488.061898102332,379.21003295864085,0.09941882662753722,19.30675967682073,0.0,1.77,2031.6506044416285,962.5004370056514,0
16.62635560164813,16.91173761992227,123.83612829899157,128.0863425327256,55.90775229372381,114.40641950794561,55.60080655599307,127.97388604031042,42.593446534819364,2840.5426846186206,2088.7004112665045,2923.304933510093,364.11898482901,0.08164659773434174,16.47709404661721,0.0,1.33,1837.3469128594797,1187.6123440363617,0
17.833276790440426,17.044769909583096,144.32633763137002,146.0722479848732,49.2122975290377,122.17362251141041,62.83299066520249,109.7707072568279,51.537878113561845,3192.3413796549903,2217.9527823271787,1713.7602633391307,370.44589229698954,0.09977338338716005,10.445662705324086,1.0,1.77,2075.959455603681,1468.720609636634,0
19.48485147222732,14.8830964463631,121.31296782842978,111.67522551483545,57.49655678235974,122.69877006114103,47.66046068816573,167.9623068464868,51.38075283131893,2622.909979126135,2557.6151543970395,2610.4249480707704,365.0242038312871,0.04812565969297934,18.375840089700596,1.0,1.5,2324.648826131745,827.967046965484,0
15.534554367842091,11.062009049190157,133.64569806487532,150.63287590007536,59.461528485801,99.99375677513342,53.725533449024034,125.96087846692927,59.12119230817013,3432.2162746273493,2114.2642071054097,2267.548420403761,249.3937712868307,0.07531960281786038,15.899075123339003,1.0,1.77,1969.6976830705598,1003.3833172894872,0
19.79843612028732,12.49621329834633,108.58013288650656,124.68695876755662,54.194094036751956,110.21030641597231,59.2490830133608,97.7150488745361,53.64494895619631,2740.8572000625077,2540.9241021457774,2768.8323793288055,245.39404928871988,0.08383321783469566,21.36684246913962,1.0,1.33,1452.9709962363827,994.1511159402676,0
20.35421307908288,8.004689120290632,149.24345332163887,165.48619246573705,44.094607963257516,123.41471101698713,47.36612475542374,124.36951853624679,50.15318221932602,2543.405236382276,2685.391468251008,3339.7827250125647,334.7276966618161,0.09439515884296364,10.620181126386509,1.0,1.77,2011.804319405369,1290.9332624086371,0
19.853772289443274,13.366306577430098,157.89155358487514,82.66672478206,51.080398758715724,128.43490433699264,61.713510149403604,116.45410231242701,43.242268305951235,2472.765580155799,2835.867257312168,2510.7128312193263,349.4239963367731,0.09230060387544639,5.795428951919263,1.0,1.33,2520.1102534524243,739.0605973007457,0
16.30983555837985,15.111720115912743,101.67665640668243,147.52400174378283,52.81043123014093,128.76895992396345,56.60267089439577,124.71127298880036,43.08039478695339,2654.1803413859907,1944.6086526446902,2801.6364959511125,486.1644123212741,0.04351118226647075,12.215062281585894,1.0,1.33,2153.782166218249,1021.8849793805275,0
23.644203604236896,10.986474980965554,132.78217161150786,55.57140216123234,58.2722244299411,96.14082158971668,48.14495163013142,92.42316794760939,47.070147685453904,2977.5520920869744,2504.2337939585277,2890.952929107381,451.2503628468505,0.07262408126644329,13.064298273951659,1.0,1.5,2207.318296098603,1092.6358455113032,0
23.241538808679884,10.488770978049878,139.02380823789264,132.36967206673992,53.56391629806791,137.15443464861426,36.54705392296814,168.2929218533787,56.862196855961294,2730.5872683859934,2290.117764040609,2244.767549306093,401.64923793357895,0.09989963337584708,14.012421615610302,0.0,1.5,2163.5820985185874,1347.5662041932235,0
23.93085917668966,10.797316106538789,157.07449344514555,129.7265180545555,50.434629211093394,133.21592793674753,47.68376462168152,106.72411473880285,38.98616237997096,2614.3115610267096,2596.467259425542,3243.263143227773,321.72036430386504,0.059236617058261325,18.992106912802374,0.0,1.5,1768.6342688747347,1163.6796441777367,0
23.60639437178572,13.626125231340348,109.93839396480364,146.03895235445836,47.0155149814847,113.08851710485767,53.751401443761864,158.90468477524723,74.87934844804289,3042.689223654473,2430.3852848862525,2819.1473158770254,421.0124340699069,0.07358664748885617,19.885634067736966,1.0,1.77,1858.5228624677673,1066.4244455854046,0
20.567262120966763,9.215367250997167,154.7474627052165,147.822654630625,68.07307994791094,81.41938816552754,50.719688400193476,71.76778736422104,30.51949048181741,2857.6372190429915,2348.3223187168624,2722.938890226006,388.89021520698526,0.10495791916215841,14.661761275917339,1.0,1.33,2797.0066851957263,1443.8446366599442,0
18.159745588858762,11.405141131632313,145.38048136275066,129.87274094055041,66.09406452904923,102.06494959499278,50.04088839683785,90.42289080871677,41.903240913619385,2950.6296060556497,2807.7459798220702,2333.7494055650645,411.76758311802314,0.10223157314263936,20.30411799530017,1.0,1.77,1516.3545491243333,1216.41190171536,0
16.430740925064388,10.943718163944892,138.90774651883814,120.20202165839677,52.06799155590319,96.95774447520259,51.21426773133839,130.4649834219511,52.11715204097031,3179.248575640258,2223.152891518397,2075.9960235617013,330.3320016817603,0.06771526762902606,12.968995050376757,0.0,1.77,1983.5249154243381,1112.0036451705575,0
20.00713094467018,14.793497039756152,168.9699845978585,117.80462708421828,44.391618511343694,112.55762709978103,53.821963546080205,93.79730362336656,42.34279268083966,2937.5151526199543,2481.5121064032287,2613.4467681187507,289.32037322399447,0.07539198571588465,11.727300567195087,1.0,1.5,1515.971277370871,1154.8961292816891,0
14.811429102373731,12.092187010465866,147.81187812398474,174.07806691887143,60.9419996942954,144.56637857536202,65.10223473085748,125.76363017398778,52.28551840213759,2373.3115564695136,2455.68062568785,2303.5340308492964,317.9152919900491,0.11741326752384937,14.843864527599969,1.0,1.5,1657.2301266851673,1317.9822794482336,0
22.054702962175455,8.06255132641744,158.52124755623933,138.11202855099015,42.70781108044973,116.13161360729859,53.93755414527702,151.61497615874197,55.79779086315407,2454.1737090886795,3144.247614211746,2617.9497027126945,329.53270904775263,0.07345763606822375,9.6293342859306,1.0,1.33,1804.3850017424352,1164.0904954495118,0
14.542435716343277,11.64768021430595,146.33080653217263,128.7932175412684,42.15627928224763,112.09789288431789,63.742240512188246,104.1661863647286,50.12646035289472,2765.297699780422,3095.931108389467,3129.0509300998147,414.6024799855048,0.06053515373254933,15.57754914757624,0.0,1.77,2090.3825229225395,885.3769279557359,0
10.490228459055565,13.150824682949533,113.00902303651262,90.6249821427567,65.19991295440035,133.82723216033125,49.66779834618351,112.0509751683417,30.741246344128463,3166.697967623688,2236.7620434943,2735.4192538845878,150.91501905668127,0.09955136064323092,12.241465691842828,1.0,1.33,2241.8934143298034,1552.7744989238722,0
14.856055869460072,8.547388492115562,146.07637191209753,139.43125010252288,53.15306900924185,146.1586919397786,42.62975940193726,130.24420970669544,45.15311343392885,3487.7511624829185,3257.155834203885,2285.6707990088275,306.0354291273136,0.09719175773959604,13.338608050631457,1.0,1.77,1906.3766346203286,1077.2324507811525,0
15.241088903743304,10.76719294400057,168.87264006937627,99.86986211441487,61.505641493983816,114.97866725402744,50.04167882052916,132.38818171313764,52.72041035655112,3028.2451988878124,2867.910171002487,2464.1635628948375,301.02106123937995,0.05829698946884404,12.023768410063134,1.0,1.77,2177.242049400371,906.6760782671736,0
16.02900178888019,13.423535667252589,151.22804099695486,137.12856027380144,43.910736447158094,146.0825441630263,45.69547017240627,98.11968401504562,55.10317390533463,2685.3115300955037,2617.139119413747,1715.793714380557,372.7459559615385,0.08435663759024431,12.970424386707151,1.0,1.77,1297.777212070563,859.3953089059005,0
19.436080610223755,9.53047791352995,150.6955709161002,104.25964861224467,60.950525588003664,122.0178890428413,64.21247421281078,108.81756776002511,53.39972892998036,2488.137487815716,2390.600657552308,2643.357286572185,227.82240620229007,0.05164752131630456,16.299577899506936,0.0,1.5,1659.983107611464,834.8464366484795,0
19.79475907335563,15.890123598692643,139.21991598762693,129.44868273939855,59.29102282081363,126.5981836294762,46.071613701781146,152.83661664425688,43.94151589057631,3059.2353458641637,2701.4726967903066,1797.0389677247986,321.29228664696643,0.08113256903624341,14.899453634272858,1.0,1.33,2010.4261546550301,900.9307355273952,0
16.367596643359118,9.510461513024428,153.02272483647315,142.1690223331333,53.123035440340686,120.68828390928051,41.85986009756519,108.40711374385069,49.59836306366604,3848.31723641199,2077.4525302058178,3200.312667888499,429.74870187726464,0.08561272808980273,19.7758614525854,1.0,1.33,1839.9289337516204,1147.3498097761576,0
16.449287265583074,10.316316193373025,160.8838217758173,187.4379379485209,52.105920893437464,141.87578834420543,49.71862081109864,114.7693305091679,64.06067017785338,2370.5858859698774,1991.4995539232134,2564.248554007109,403.09248223501396,0.08927333143361764,15.582037527078988,1.0,1.33,1930.2395944534733,1021.0441431400513,0
23.3847130545065,9.305320471557025,126.2256466715417,99.91402274128497,43.23272994249921,116.63810554448476,47.676735727394494,153.75715647742823,47.73722763057766,3315.75874537201,2867.842460477441,2514.3287963581542,518.8108465668498,0.08537067972929618,19.039027798011965,0.0,1.33,2338.979067474379,1162.9295970209566,0
21.0045233912234,13.56017853779869,117.11477137216583,126.14580708906033,63.593977871557286,147.4713537125099,46.95552229717635,126.63428863988644,51.20696170622028,2752.8503741673617,2635.28099910551,2689.3789383731164,393.31260550980704,0.10883433521900104,16.8523827725941,1.0,1.5,2013.1773776618109,921.37493096657,0
22.243254745021556,16.101333927230925,126.88842005340842,152.3877534519259,40.915371246067174,127.0128071063022,43.39981039007334,135.73650806779617,56.883648387377626,3630.9519982364973,3040.08753352195,2532.0338089834036,263.46020101609275,0.0913137415933878,14.31780576884352,1.0,1.5,1592.419829881406,1258.0495001673016,0
18.687357359174126,13.38312804996196,116.48810788750296,107.09860315446791,59.77782574602708,102.92973592396439,55.24244404469386,84.9229682578746,56.78539370133335,2306.9906740925962,2709.873976318219,2856.5086827948603,294.258254525634,0.09164053134169454,15.281326790000668,1.0,1.33,1758.3474431421785,740.0080558633957,0
16.962432976250977,14.33848013449532,135.91813405968827,133.9107769305801,63.88959485322624,126.71099385237538,55.29360333232562,85.1279058351738,47.419481727184184,3490.650602598638,2539.4429288165156,3377.6626546185958,292.1507495488842,0.0846789490426908,13.351964687344395,1.0,1.33,2147.0366039960945,1202.4937588027205,0
13.93326748569401,11.389798815814498,139.2138542474474,122.31006431196535,57.67087973254828,145.7646020729613,59.5723670937098,86.13117774450906,54.97655992244839,3331.573327814164,2646.987237861897,3047.3019743262466,510.9816356560612,0.10047419092213963,15.247925786925187,1.0,1.33,2233.526542225426,1349.2125953460902,0
21.196352848752955,9.902646869799245,148.17330566744337,158.03092538384482,69.99133936824029,114.34069179203526,58.708019007935015,145.57901807153212,37.943424614572905,2595.037165136121,3343.60711908084,2476.5751948504294,115.68389082391221,0.07758076379226556,17.873876497347585,1.0,1.5,1900.1570145378998,949.3816677299327,0
22.75806017066017,14.927801577584818,151.16583349511595,121.79257998835104,55.01103720806388,97.01808686164044,59.79062571145042,138.70832880964116,39.50653799626573,3147.0528335624545,2653.558628903423,2180.9906147397737,253.51998391420244,0.08746986538803445,13.306887658279246,1.0,1.33,2465.984655164901,1044.1700484673142,0
12.927943170466495,16.764853371143914,130.73664773854418,129.86489139711256,60.74152593151571,141.31510549788263,54.098421946050955,100.75906101673918,51.75194018667194,2632.2737818673113,2594.624437018519,3267.541313760312,410.4740153315035,0.08413292876196678,16.71547249781902,0.0,1.5,1580.8153995187422,1204.5422447800538,0
7.759059168443621,3.2348210884080095,73.430331461439,124.21055677086672,36.518991428227885,153.04756827747403,31.831937176481436,142.73274553995176,26.90142213667457,1050.8833541429758,904.7109252063251,820.8211968303426,85.58064592210545,0.14256908505681265,3.4106155034294745,0.0,1.0,981.2686759945494,1074.0518589918095,1
6.5410907577754305,4.851955996898749,41.73114559852331,128.78208578337254,41.54260604839465,105.20583880241941,26.98443991980011,135.5803246797778,31.72037903450275,977.7875393143075,888.744765819453,1127.974134773354,111.2408750439967,0.16653891673551202,4.43718342475354,0.0,1.33,849.1492614567003,1026.706247295115,1
3.6472421554371843,5.137634666835012,47.300306267004565,139.38356798171264,23.685398487474547,126.33635889424285,26.070697264348986,64.9852203144293,33.2510525360179,1510.2898847728934,1198.4841896556682,1163.6057655769132,79.64697080136136,0.2602945114273913,5.468623838288473,1.0,1.0,1044.523274450694,642.475272556679,1
10.47426194134021,5.096308162885271,89.34627379782677,167.26808965374585,42.74309251322335,139.51587165922388,30.688519939050835,140.4574732565005,25.747289518520766,1208.470212725058,372.10702338284364,1010.3037388514591,123.61690300255333,0.22471542894644828,6.072979285637185,1.0,1.33,1068.3436733120643,796.5036175868813,1
9.45386885223655,2.7986645384784783,63.251633456439436,112.5674368091789,31.466799039567825,116.58022651690659,28.96062369662091,114.9045643118286,26.710387230449538,1308.3334779450768,706.9301855262456,1052.929942483328,120.44897880763895,0.1943401817743302,3.1384973311028777,0.0,1.77,989.4213062229624,746.1509351476359,1
8.17086817643173,4.362482978980334,34.97341869146058,203.23911263657055,38.746516473539316,149.74220088275337,38.829088762810244,113.73692932029795,30.782724672532062,770.1695215550592,816.2513415972594,1092.5584001126172,48.367883321688694,0.18818552271609595,2.8864792480747354,0.0,1.77,925.5706067667335,914.0660671409162,1
6.360843582157548,5.26798507466052,83.86528958662676,134.85578504925832,34.73154091542441,108.29328246453758,41.695962845497334,90.77192053162965,37.02997387068331,1008.6660117468823,818.1393713551298,733.5991427473775,150.25121623517833,0.2310745811639197,4.025536524524876,0.0,1.77,1157.0098539331814,810.1610026782846,1
8.125828489794943,3.267131908969315,70.39987035498902,129.29136900735347,22.7183918796632,137.88618198756544,32.43214258539218,154.6700040614332,39.33600343103522,1578.1023524791997,1140.1139269635948,1066.8686060958203,54.316660262113366,0.23010104684950036,4.257928203926719,1.0,1.33,1038.7101309308416,1218.3807672794521,1
5.062335224782539,5.094006375452738,57.079540558249775,138.39529557228755,35.55051490669024,140.54928872138692,31.41885478439021,136.01196912877475,39.46870834537311,1346.3624214038045,1141.2140103493173,890.670513754271,67.7689792942919,0.26776502791188767,5.051256151035753,1.0,1.33,1244.9006013626472,918.2443779790508,1
5.625481189244601,5.2202464405574815,53.183085880725294,148.21900750857114,35.16681749443964,133.34164852669915,35.50646163376116,116.59976280380256,27.416480638906325,1299.4007124999384,732.8764286828964,788.7471542026415,58.492142716410164,0.26245054566382764,3.873715638302479,0.0,1.33,826.95772808814,1152.0712843463602,1
5.388915676849129,3.1539863053957378,57.06482161684572,176.9680902366973,32.63022682102058,147.65745501054286,35.63540010225477,142.41165234417937,37.62642989804557,923.2209988419303,720.466334528926,744.8880025540012,86.38828961750517,0.17264766710797355,4.177049094238394,0.0,1.0,1035.548262958734,961.5772216207828,1
7.321698408865366,2.963767176122471,59.42788967963524,147.98503083988953,35.77590558890076,144.13143208859165,28.779769921436042,162.25687927866645,40.93301369637424,699.3309637853515,682.5684408900654,1010.3399219258525,83.58622548617815,0.3148206202886391,4.263741188109353,0.0,1.33,1094.0074351007772,1099.9550466289381,1
6.854437570143371,3.1055350774153125,44.578553882671045,137.57204497312142,35.893460455078234,120.05229969550231,34.116709743042875,188.26144531309728,19.534015684330456,1245.5611193909401,935.4855834040218,1108.157333280317,79.23213248849272,0.21269700574764167,4.155400541209719,0.0,1.0,978.7549174697109,811.5349557705708,1
7.8063862211606185,1.9613458787062537,75.42981569183834,150.739075005087,37.600331694403366,87.38518290734753,30.35700280954222,162.29977600247608,26.888352125818233,830.4844625090715,809.9325790987433,983.6133705665588,68.71573874217972,0.28169086160446466,3.922398964011529,0.0,1.77,1058.4104871747152,861.8294330803508,1
8.001072230870612,5.037865003362575,46.95029711287637,123.50934247350222,34.14795432182284,118.30525311717197,35.201985924558386,134.17121458116188,23.438657124670584,894.3822717876775,1211.2982189766083,1368.5349706996997,103.46822440131271,0.2094362372424843,3.472044505112108,0.0,1.77,1106.4549127466507,1115.5324254383834,1
6.8139459219368685,3.4961624765232777,63.363246064361896,157.86524476591546,22.700352328535132,160.49962942902974,30.31872630659464,141.91371813072644,37.183481541871366,757.0815756923835,793.9229794659398,930.7483129898309,70.40616197188929,0.30674682879184045,2.9718734874078487,0.0,1.77,843.6775710885867,964.6478932365604,1
7.1349065225003505,3.8005675147409868,58.599197116500775,126.76669718879073,25.9131781449154,142.07505064946324,40.774665358236206,130.51524566193626,31.351584703485297,1273.180688779215,670.7472907597262,1408.6035179511055,95.05821991057005,0.3015928449544555,3.120360405371213,0.0,1.77,1296.7092883836738,1069.3466957721464,1
8.005654427616946,3.7239060252067517,56.013364553185845,140.07026289215307,44.47270145967351,100.51042853583303,29.927551370637154,81.78475700428385,32.173910752413356,1064.010401552997,994.6582648459371,1036.7494150218583,114.7677063425879,0.2469066482284233,4.9966095491921045,0.0,1.77,1250.1450338370526,920.1771681884665,1
9.116023831323556,2.785420031730244,80.20004585632299,128.14136395241317,35.44060711544671,127.59966941157111,38.41181737057802,160.45671561054493,32.66101032350715,812.0329038533065,792.6951890333467,753.1416338785299,33.79642783019592,0.2830659050925023,3.6066117683887637,0.0,1.0,973.2259053561554,1122.1158393784917,1
8.233980439456545,2.9110159417480674,79.23972961944894,128.49957097434262,29.28465126308862,134.13820784666316,31.68722457005813,99.80096196966409,24.630375878751806,856.6920561679874,737.9826850714985,906.8565022960959,55.275371595688554,0.1854312751293032,5.254161458061123,0.0,1.33,764.3198044832611,1248.2407341179853,1
6.582651264541237,4.73160255653685,74.27324655861064,114.4709385609925,37.84083139421137,129.11189600022655,36.23385387608247,70.43763223015813,29.405434198552385,949.2948360540096,1045.0978491395142,1112.8106049683686,72.30935262944935,0.1843913067911978,3.867201557731205,0.0,1.0,889.5036659027188,587.9517671017538,1
5.750355886756388,2.9537474149872334,35.53086276808582,109.0643340444357,35.65645083099782,164.23009822146108,33.5659223693249,113.01790512995929,32.73542517102422,985.227422445252,797.1879187841082,722.9529596240837,46.204279831207025,0.20050381467202774,4.1896641879041585,0.0,1.0,1185.866995599089,937.164845149535,1
3.9123611963911573,2.7190546379891156,48.94797442017932,130.83171129902453,36.830372833791,117.37871286828845,33.401959855566574,140.13712408405345,30.860063295575337,817.8442507468262,1052.9218795519107,1499.5047109040136,96.14742067282262,0.07234624496743652,5.489055486456284,0.0,1.77,918.587833495092,981.959634330465,1
2.8480315167447396,2.6230249746537404,86.49983233937154,94.09820031243652,30.293056140547343,160.18133820510198,33.04856649598683,155.98526198815938,33.256970107624056,1467.3956343402215,1014.9940030442747,1159.2274549963627,71.89383669854149,0.24931664877890686,3.5246486824129257,0.0,1.33,945.9426819696407,983.2816396821889,1
4.48746129134903,3.787228714279445,59.58426650631902,130.71321250346125,34.03363098191719,143.9108919556181,38.193478845322,166.71236430715274,34.568530604381955,785.004630390421,870.7098031746322,934.1715926289756,73.57125423028589,0.23711755895148035,2.086805808062251,0.0,1.33,1278.0349704292437,863.3721371973342,1
10.322838174279447,2.66345331479704,62.84219731831621,165.18609932987997,27.470463991986243,139.06363044518383,36.689577687553275,130.349981013403,47.21041833400061,682.8501852804511,1182.9202765744533,958.5275830248486,109.29800387091687,0.24206535758496228,3.1202125634680042,0.0,1.33,785.1784708308508,1155.1265375857486,1
7.247536856186989,5.52234803687691,36.9186671358712,152.6783622386317,33.592043974720625,138.16333621836165,30.884201829095545,145.22102196944363,29.02276127405052,837.0212687360777,969.013592132962,948.5981110874799,87.91515947177791,0.06060942619799284,4.8191633002824465,0.0,1.77,976.8004573979829,1119.4548591629396,1
5.845359607450288,2.8173967445759778,62.67046102019059,143.07765211469024,40.54600569795069,125.23781867306921,37.97461067432498,114.87291590659851,21.925009292745468,816.9293111306797,936.2694613901646,984.2765178259043,98.1965285187694,0.21548129844407793,5.172782219277195,0.0,1.0,901.3426786404804,779.1095881469015,1
8.911912035809085,5.570223893773166,48.11552411693841,130.02252865447687,29.498434728020424,142.18573278643294,40.66024645684041,149.68069036066342,36.2143478554982,1304.932082922753,949.9737873169994,1260.0017050987158,108.62576407281999,0.2919722857576568,3.4485412706058924,0.0,1.33,763.283254068192,913.0974070950268,1
5.056425597531181,5.686815590419158,100.26518613634967,115.45887324561946,28.64887969974464,155.27111197483853,28.230432353166776,158.51395075839156,32.79207704115988,1094.005674375509,1047.0797375947714,1091.2476085968146,85.50983755534561,0.13218194841807526,4.214380874306841,0.0,1.33,879.1322469791583,1088.0240462149015,1
6.577183725464561,4.693418591501147,49.51022688258507,169.06145716480765,35.281403394141265,150.33368149154725,33.60138705485548,134.9138591029078,33.76100194216878,1146.6219884917375,688.1562138189875,1260.9656381718314,110.45318215620459,0.11465748043210951,3.214959658149187,0.0,1.0,1180.354069373921,934.9282887896942,1
6.168737179364736,4.29429243566298,28.06898858377782,151.45420286971748,29.121672651699157,109.62668712947361,23.56327826444645,79.77101005969908,21.867314981326267,922.7447605923774,1379.717010255845,873.788877785151,94.44375265670078,0.24002406932531645,4.157278223459018,0.0,1.33,1051.2647024799644,767.6035532188284,1
4.822813694072273,3.595732049019153,56.963970170529834,141.92384975563863,44.00389873839825,154.98339554378407,28.153449877540325,122.6827863353589,28.02336517744726,971.4618708698141,1009.9534816806001,553.6529072869821,112.01785970016209,0.30467753953576776,3.67619135119382,1.0,1.77,980.5953362323257,990.74671300014,1
4.201256779568254,3.292411890445711,62.58825287706286,170.0619436913252,36.90288190826285,133.99105229388152,27.843646130238447,160.66449152816648,32.60103299968105,923.3175591201901,1147.702660910678,1134.298494762512,69.6617412658441,0.21493108718679,3.4086727261084757,0.0,1.77,1103.277682659239,1216.2088823474255,1
8.181677518733313,3.7731805076905376,31.029347088104423,161.75622484778276,33.218618892076975,136.51496432153155,31.112897808957516,92.0451740118645,32.185501273337934,1156.6147577783618,856.3264545587443,1113.065391966997,55.65001131441735,0.20654986120584456,4.031352967522946,0.0,1.33,763.7608551797407,1090.6297490936008,1
8.702645915471525,4.759854373740152,80.19338634304123,153.05626590044446,34.41250852134257,184.9935638498314,36.44518561139946,146.06484378812357,22.342173500769984,777.9230956341155,1014.3974060712078,1034.9250874643778,74.64693587479209,0.227049134980603,5.906352313652315,0.0,1.77,1238.9308646900622,807.5909917940131,1
4.781944922262582,5.17625764796466,35.02661369806579,175.50442406733433,32.93670683112403,147.6507267723984,31.41804668569612,91.01309322205677,36.33326761279185,1787.6807576343324,836.6981792017478,922.6339477971418,23.772511418323518,0.287575145172806,5.094118387410403,0.0,1.0,763.9924206917628,778.3592623814992,1
6.739200525334208,4.5829923481103885,61.965311431180474,131.65552822902782,28.92635985897791,117.63436573487883,32.51037458123692,98.82146149201621,40.62100569388364,439.7755801640735,878.8436691401871,1026.4935133858473,102.68552319583222,0.17420376363687864,5.361153752665855,0.0,1.0,834.7871512372899,1100.1011532839311,1
4.63064257903349,4.4537493046406835,76.73200024642817,123.36365167422758,47.06288980754947,113.20470733922981,36.95097378244923,141.89317307170614,37.16457149967691,820.9505971600776,1457.5446017297945,957.0939798921027,106.91619848248203,0.2922243744473251,3.2744055190057413,0.0,1.0,1147.8589544420768,1089.2155096835336,1
7.450861365053247,3.2453315184709415,66.36590906791518,171.98796674400398,21.699086963875615,146.06038576479793,19.53364589834961,102.96138550135018,39.77499818940567,954.5544916519865,691.7464078300261,952.4949450436764,141.6976584540888,0.1284158876396987,2.738428106032787,0.0,1.77,1135.4968194314379,840.7757405400152,1
5.267095309397906,2.9956065459938372,51.94915334875457,157.9027674520275,31.428819614346253,134.22662900750004,26.78769191534382,164.33982060694365,26.72934005865998,1480.7451379774884,963.4044006468592,662.320101288861,85.7243313363594,0.16686115862669176,4.7072192528537835,0.0,1.0,984.79558265097,940.6986544205012,1
4.552755980768746,5.203467524185836,57.40270347300453,132.13272765754039,33.81071660934704,120.06504054331296,30.443242866119874,135.75763481141766,23.79517800565941,877.6620017301981,1253.222500596988,912.9384321281066,76.21097977689976,0.15280641972203624,5.020813164969087,0.0,1.33,1164.4313514369924,1051.721545373461,1
9.006177834604152,4.670004738738326,83.38197104246834,129.03135199879267,35.866060803780165,153.18611377857772,29.139029648532784,107.87964154172987,26.22388740187989,912.6960957277694,1064.963622592572,559.6460728877066,51.100749342052325,0.31313732461786314,3.129883934830987,0.0,1.33,1054.0022276757622,1136.155317269747,1
8.397413834986132,3.8949022423047195,60.62052815998336,170.79420573723732,25.15723185766155,156.96530210868784,30.454230943217432,98.84780754369058,23.818161160233966,883.8194663702279,683.7844415777354,1425.1333538533638,102.28007346252502,0.2732241376804284,4.674841949940014,1.0,1.0,877.9931742959448,1175.070000470974,1
7.172289926052458,3.9270284880559108,47.64096769542,122.02226371377036,47.29887257471556,135.0150220170646,35.910650007657296,107.85481731330852,25.320882322670165,1370.4962023124856,653.0932334586629,900.3486957027349,90.8506852768058,0.22556863009200262,3.7850880579806123,0.0,1.77,1083.3729671643885,998.2423650105669,1
6.15605678741465,3.718070747211445,57.68191508655196,188.15518906831443,28.713067675233848,117.08090736324458,38.92162209077125,119.505477234138,27.29627229555063,1358.7159641933586,637.5569641980147,1197.1490630208173,91.14041073303859,0.24324010654159886,4.535237146302551,0.0,1.77,941.4793432782897,1085.3273528498112,1
8.975448971058272,5.8546820398157635,55.99310496088961,151.57838185602526,32.843067258778284,190.08351699991303,35.90063002936909,132.3536362034342,31.875373040746457,1201.7763538615168,1046.083578972366,942.4004277648263,80.14181751912062,0.21240733191367533,2.6323699539433507,0.0,1.33,1131.741161046169,1172.4790210878998,1
5.269624648568786,4.045320979058173,65.10981204618211,170.07619630514813,39.65254239853625,152.97109532970978,29.868657216617873,141.25373074486984,25.668220037249224,1311.381524971303,1203.268320972835,1132.8072565054295,80.81473533012961,0.2098136435979201,6.1678194527944115,0.0,1.77,1074.8337397327782,973.8795327310236,1
3.8107019450611497,4.453920456706208,61.36651299909183,185.16336678648332,29.83884382746501,185.48490901405125,33.894052647482965,140.57921819422043,26.44156719340662,1178.676576888617,1054.0712042113068,1224.9585500370104,65.54194481020143,0.2903390427894019,4.4336986285263755,0.0,1.33,1115.234334296097,862.080682784901,1
4.095167596130581,3.9553908831136213,51.26538645700856,130.39404953840824,38.13085244011239,156.19252530690898,39.252403924479424,131.68383538311218,32.085534615376616,1147.2115892827285,581.6791462609413,911.2727065669392,80.8725444314834,0.19445935871151943,3.9508728056573945,0.0,1.0,996.7826396128725,1008.0494496203028,1
8.49116302800406,6.2438071319016455,35.42956413845975,95.34061336613283,31.26779116667371,147.820226829825,34.48436795253799,159.9536007395478,22.80181482980815,520.9640342577809,1138.763122966472,801.2328944883437,39.537803390284054,0.2272531872979691,4.951810825862413,0.0,1.0,1005.6914301818084,904.4591109314464,1
11.796287971506974,5.03462801875831,103.2634841486047,160.69004940815117,31.631213858787895,153.24637745896231,36.50288909096608,140.45307604593734,33.78235483219234,1290.4317823519189,731.3901776315369,744.4339828648115,70.14457503463916,0.2263771197185255,3.7321945942318955,0.0,1.33,1008.0268175229179,955.9311272253874,1
5.352139984065285,5.511884529098652,88.56650262262112,124.86517690181152,41.830493123934254,135.61628413789558,30.937855350447666,172.11799991923783,29.93900567554334,1174.091109813659,1004.620265240518,609.8561520017315,97.21027871790155,0.19186539877798836,2.2946162318252545,0.0,1.77,946.4294379326857,906.6994761233444,1
4.980593765039426,2.074717736294291,67.07313570627309,94.22137804154124,27.629337012405422,89.33706380027226,31.569651536045534,125.79102711238758,28.039822720881816,839.3555763323559,692.1085742439392,1111.4487672511777,76.2362017072878,0.23581791607680724,2.937701576650933,0.0,1.33,1051.1594114156624,1219.4917055974095,1
7.672331600785567,3.7051034181402236,63.85798455533891,133.98337063674467,35.04728110816837,127.83655685273293,31.178323970573043,135.9386138860769,24.039847802508298,846.0302932525054,644.5206381571336,615.9349349191097,59.567932694488015,0.22797312534020647,2.928654981409739,0.0,1.0,1101.0421696346643,1095.691581600086,1
8.537624159401888,6.297224957139582,45.75063068629827,133.91184027036832,29.33681245746292,121.06348416638771,35.321937671178134,110.9794664577594,25.05437293609794,1299.2489659305686,1049.1625338095803,1084.0026875044418,73.67781604502335,0.2846511639107351,4.0173882367837495,0.0,1.33,1221.2169738394755,939.1733067673531,1
8.894372969244856,2.4287194898739344,54.29389113883731,131.72554565965987,36.67395076849084,153.95996967081413,25.75302398470236,98.9764748227986,21.588551593702572,1430.0460492996044,1015.4730874153669,739.7509099702905,78.92262815109824,0.2790880697830747,3.666256923626514,0.0,1.33,973.421779331324,1132.2293544185786,1
6.714631829323922,5.106143092767071,97.56925020407354,160.03785797192523,40.86389180630881,132.15030903010646,25.07371455246349,65.65287556036714,26.887916507185693,454.90708600872017,1062.9807855042402,908.1239237380349,57.16562833811892,0.2265437059974313,3.1136413676298353,1.0,1.0,814.6316196711273,1112.70238626376,1
5.052019336514782,3.9655315785875715,53.22075942132184,120.26653735700813,34.95773008711667,130.25658927150351,30.140710588606673,109.6030745929504,31.91714802469773,1513.4043171230712,980.7751912246081,1239.0683715786708,55.244451871163434,0.22788807196468847,2.68315801723472,0.0,1.77,802.4612608702148,1024.1065182348946,1
6.1491023405409795,6.205899540893277,86.39545788501466,136.3901795386757,32.924502196400034,101.84878698633034,31.97870506380395,184.69249116088776,29.22758796283246,1282.189820785945,642.5505887377619,895.6540168639356,101.56163264506627,0.22529311990240264,4.989600801292674,0.0,1.0,1192.3135345483406,883.5776066093638,1
7.513208055003968,4.7410282397860986,35.04370207452012,166.22813543100062,31.600596832826184,136.21120168371314,30.20908718017222,175.43256206252144,38.060941249104374,646.9163540573195,1446.9419668198016,837.2063841963529,142.56091692454595,0.2071895213930008,3.590899952689678,0.0,1.0,986.9008400383266,1006.5234432479526,1
9.829603658480904,3.139009824067479,21.173750516937005,141.49419593433205,40.69713750776605,112.69626948192301,36.23966086676632,100.99449241965122,29.120648785849927,1288.1705788215143,688.7576116175435,1043.563199561813,120.37433778230593,0.24369670496056756,3.1352487308910786,0.0,1.33,986.2766113762765,1188.1509679603982,1
7.304385274895443,3.9893790866555414,50.38902378353335,231.44254509997688,37.17071457357043,158.85745070245673,26.885272398832523,113.8164091801371,42.674075329741726,1449.2327348389088,1050.6768628213224,908.4229859687143,84.1491057010856,0.18619446323719355,2.6117808038336303,0.0,1.0,1162.576627639152,1071.1719208725108,1
10.176201415923272,2.798958941624765,67.80829586598641,155.75371941069653,23.73968761590358,144.03170431700354,36.4014253949189,146.48227502270817,29.496436470763946,1183.310009130607,987.3658333947866,594.5302388043533,94.83300811886166,0.20164647970091637,3.1542133948024205,0.0,1.77,851.4741909528418,1075.9954294848758,1
9.416050551128649,2.404561015108798,61.15474712110731,143.10181814298733,27.353042705005862,143.35010670146906,37.58123195259063,172.2253325597363,28.503815390244327,1725.411258783778,497.24731425271386,1085.492010355471,54.69264200175361,0.22450913187484497,3.373711899873965,0.0,1.0,1100.0316184585843,909.956357865403,1
10.364918994899107,4.732228486154898,34.46806940192418,153.76969337791908,33.83194002585202,135.10122391613706,36.09944076990899,163.13036086395968,24.847123632475867,1092.564586461154,829.8555793975147,1143.246923457823,84.19238765659577,0.22146257398509378,3.6756678867878025,0.0,1.77,1382.6149247151586,1080.5638140613714,1
6.3000604403661935,2.2852358869323806,48.5937270028294,136.83159910535235,30.70962067617544,121.58218321681771,39.876947370280824,130.8061427846775,30.709271948411622,931.4523599154434,1209.059839449309,948.9811292827437,76.9784083712286,0.14096245913452793,3.9266777034983606,0.0,1.33,941.1912997333898,831.5282487330616,1
9.13456561555517,5.27069965890435,64.07693527698505,127.4210773931433,26.530603068896255,150.55500967094954,45.74322467241944,134.08499100567204,19.043727535608596,1214.3791225316868,1139.257853708263,779.7154163449751,73.8622018477651,0.1826310885626854,3.3623633597635734,0.0,1.33,1020.654957442292,920.6671686136892,1
6.909517764803568,5.119053935376738,35.761698188842914,147.4911921959337,40.59460922572801,125.86779364280586,35.50350306060292,208.8103244452315,29.37394324207865,1198.326762501331,787.6274415944938,1043.500279024492,101.5067906245576,0.2297421170135069,2.7763656163493717,0.0,1.0,1054.9542656988176,1168.2980783607761,1
6.025976059974744,5.099880287308453,64.1890175732479,116.2272317578192,36.91112602879325,113.18267340431316,28.83559862557604,135.30119260418647,31.783465640280745,802.6918837307178,1181.8768696602328,1137.2815067921135,72.3817891097279,0.14312076017754122,3.8261145051022822,0.0,1.0,1022.1034281487331,1042.90007785661,1
5.7589998049846916,2.2754975332004035,54.04742668883033,151.71874460788214,34.178390068343575,143.61274420887102,29.066084852452573,157.841410236582,14.662092795171997,1135.3601282308387,1246.7536763666812,1359.447643849951,84.20434576893811,0.1536900922178558,5.639767410812031,0.0,1.33,1016.2202249791659,887.2997045361856,1
4.0625693426502485,5.421223695283631,71.553756719566,156.23411710843817,39.86722116717604,131.44576836023046,28.87561791117225,102.54859252565494,23.463900020487003,1403.0396721375828,841.5081317340873,1253.1661766106129,85.32785424048373,0.1861879395878788,2.686762242939828,0.0,1.0,861.3684880330281,1341.5120232219476,1
4.818785145060712,5.099939964781495,57.82123058617517,131.98601043684536,27.371475337249183,132.83535437947276,26.20857001816998,82.91584120651167,30.717592069304693,941.1442232910612,1320.5566735474958,1240.0052116222773,132.43580453341923,0.18595585477460508,4.163365288157545,0.0,1.77,630.899356047842,1029.7755468452212,1
9.381170161203759,3.212153883238293,76.33044837926543,168.9808537571051,35.28243012084732,87.24104544165928,29.437161712778547,180.00439148051527,31.782334628951457,1273.3499264679715,930.3833520403069,946.3737016328491,43.31638578251234,0.2597369608527653,5.295617445666852,1.0,1.33,909.1285029911933,1018.8217300253034,1
2.1026143755416706,5.783562794692463,56.25285150473631,147.96991727897336,36.33854735035936,162.7747776872929,22.690249325629765,133.14499263315474,36.87706956422916,1075.503388319827,740.7207335095736,855.0663722426114,80.17644995483988,0.18394749852385053,3.816626659519169,0.0,1.0,1250.2371104777503,1092.967087607547,1
6.150359272072248,2.604977839986141,59.08217343331468,137.52771419007686,40.85407007262892,113.61264723954145,36.911597413777216,127.26073726120158,23.352349974510027,772.8054219807677,1375.5654761398764,961.6201545194943,113.4126029182622,0.13459403026959352,7.165233865556681,0.0,1.33,1033.4014075242967,1037.4784244370073,1
7.8576877410523975,4.176965339519003,60.997774109410194,124.19848105282352,33.12858810134673,146.29111338993403,21.957581419282498,121.1159201614129,34.127399807975465,1510.1822352513834,862.3659822913479,1284.488747397709,132.25059613544857,0.20073087994686611,3.3301497606018162,0.0,1.0,996.688829486211,1011.7072322405356,1
8.681645335711039,3.2715297845884854,83.07098154158204,119.98106118184455,27.41345048229462,146.52309865429092,38.15280214434603,135.00235346836155,32.61050638779764,1588.5743095063278,1223.8236119377661,1007.4221002677998,79.22132792045156,0.2747529433240693,4.995140696111064,0.0,1.33,1072.6687906528775,753.4205811156453,1
1.7160875913739524,5.21372925093804,59.91659559527894,169.46281724496058,26.759582666181505,146.43784706963257,41.34408920271927,141.75175703400345,31.659489033546294,1102.1390202060875,604.4060794322993,1325.3375045704836,74.72855900487336,0.24522416281915085,2.124358832114496,0.0,1.77,847.081050323833,1014.6445990845019,1
6.144673487949876,5.930406957184219,61.01108830256704,171.59417115138692,29.02150410100212,147.96191235243032,28.32648481669992,114.42774600778664,27.528564960434693,981.3502578490554,846.6869755739929,1292.1460215737357,91.13527932794099,0.23125276946048046,3.4514080437382604,0.0,1.0,1182.5524424422204,1053.8191882508281,1
9.763143475309512,4.946334973142652,48.64309729775925,134.05722394635302,21.43225383949918,115.15181030961234,30.095017970333046,145.29566106761465,25.497833828749133,788.4339965163924,534.7429813382123,856.8597955376036,138.77129505919822,0.23355535174485165,5.127495294826215,0.0,1.77,888.9918651003626,787.9825359846673,1
4.057845071823865,4.083442669010836,30.08806734781115,114.83523958975573,31.481835884172238,105.93964326660738,21.381584913375853,138.1103035498732,30.27522866930739,1294.7574669075323,705.7063351644626,1182.381458331393,128.23260486217214,0.23311073661184276,3.2680764466640078,0.0,1.33,1264.9821079432502,889.364997249945,1
5.834690363843455,5.721167251272551,65.9161279908627,135.71357937567166,30.461086001161796,142.7384059912507,31.853494283908656,108.50078057419847,25.70492075203281,896.3819713887294,731.6377649719465,1224.1681023933606,109.98483396551096,0.26678372281928964,4.00539945852223,0.0,1.33,987.6056818299766,929.4962530699158,1
7.963911005019692,3.9636938304037326,53.03128382826573,141.10896993789018,24.525755402842087,145.8835243830507,33.91717515701822,118.5393627253198,36.0355470707785,818.1259752617403,1198.1399785157853,1037.0784797428603,81.58618525304567,0.21900631823158442,3.87128228102687,0.0,1.77,999.2488957950487,1186.4025275475524,1
8.780626830005216,7.1986408633989445,25.959391062687324,116.89260692120928,45.884055086449905,95.38459300890963,40.95632532085353,134.12583564801085,31.104796638135266,780.0505034701324,850.7440915990547,1419.3703263303773,88.80792161896933,0.19777504858948974,4.486863035655083,0.0,1.0,995.1673599546015,1012.4271027087842,1
5.217847469118563,2.035240031166387,67.22936680871528,109.15567896111111,34.011554419375386,155.37350140821405,24.510932717297848,146.93115471458884,28.201119258188026,858.369149768234,1395.043123554935,999.8664890188395,75.79767776058148,0.18098935388167992,5.057394962124036,0.0,1.0,1038.5014181710349,975.4101248571673,1
6.25004053937157,3.2340486958750327,65.94299100576269,94.79108918956469,37.420621177227744,118.02235315602812,29.49806954939783,142.27804954784065,30.472666367198002,1363.4802278516133,736.7092287138823,980.6306434678894,112.21932792527878,0.23805998718756993,4.510713104155355,0.0,1.33,1190.2064287574851,830.7324721616051,1
7.617811922328322,5.302798508708218,58.09623293955059,132.39631160780493,29.09764337203388,145.18033976749464,16.77035584459194,150.0403374935907,30.716858045854284,1044.2960750700795,1003.3065004260465,670.3464659362892,29.675182798102924,0.24342875349769807,5.579855406621627,0.0,1.33,1186.0084088708966,1165.4182771210112,1
7.47461047408999,5.486315838254157,46.810758263820176,148.7148779965245,34.24895342970102,153.6314062854681,31.423878837239013,119.22159912451772,33.24545111136594,1319.0422917978083,802.9640571337036,985.3418388754297,63.538984158958684,0.09509694912535302,4.240551557696475,0.0,1.33,1115.3358034381947,993.9103277603602,1
7.570090383407997,5.44672411372372,67.95753861251899,160.89552671812146,41.27186858062376,127.53370586144156,31.26030349046205,166.04069820819652,22.739057854615876,1207.2832153805737,792.3240576382553,1264.0627847754326,89.5516129856215,0.2203796967689062,6.074655864876023,0.0,1.33,1070.6287286192216,787.1987197145515,1
6.074997270617669,5.614738079084002,68.95137969452774,89.40865054969582,36.2027090260419,127.97826187874293,25.631412996372752,139.38059628245887,27.049572907255637,978.6164903401256,977.2899260538785,849.7877125836437,92.39339584666408,0.1903337555185033,3.3538462472529496,0.0,1.77,1172.939465394329,779.3088256647752,1
5.69305388001399,4.804921289377015,71.86720067268794,156.80898022208754,36.91840348684328,110.37598706455518,36.903041774333786,99.30076179385688,36.56745492272595,1256.9261893704263,1248.9583332426982,1005.9684361639113,69.53089731972447,0.15536737379203752,2.5821047985124883,0.0,1.33,1218.2478377225434,1105.633052851052,1
8.191605745125857,4.816875062909731,53.082454019480714,158.91411687282852,26.63302958684443,158.18561415050942,26.027385301169826,138.0024920302525,24.929076249443046,1238.3472457686066,942.53645029586,617.2585700408002,100.51749077546197,0.19110396115836448,5.057376064976043,0.0,1.0,1024.198853310161,1091.8080637126336,1
5.935624478370941,1.9450845800811107,73.96438928831996,139.36781945340107,42.65586377459415,98.36320026909198,30.54239344541252,123.9406762131238,31.62123774742987,768.7031739607502,1069.6883284902315,1458.798977507448,101.8634336616383,0.2246436200911756,2.347051111569552,0.0,1.77,937.9990241176082,982.526536661987,1
9.217165739235657,3.774985493357159,42.8466081035175,153.54114219626481,43.07986058860689,107.2533392592492,41.86405377359045,141.62494486504602,36.203344734410344,1466.7679087608287,1163.9758813957033,973.4714567181563,120.44245360478538,0.23272998849354598,5.3085816698891675,1.0,1.77,1203.9813225671026,953.3914887694223,1
5.800108330970319,3.7990171422548014,68.62303304757576,152.62165382944502,32.65544952161288,130.29557669096528,38.5638655899503,87.711466874833,29.65450790070767,1133.8116350878079,779.1297707781946,972.3672151620887,67.20808847995292,0.2518584535350752,2.394152013394745,0.0,1.33,1085.5825127991425,989.3395783813479,1
9.286362515869811,5.207218937077923,73.09236526508452,115.84608191573957,34.52366945356578,128.38974912814453,26.97199312155267,140.08459715048147,26.7741254533211,1263.8509574625593,714.557856163247,1412.569747082037,67.59168353519846,0.2309651168600218,4.950231172465681,1.0,1.33,938.403935469983,1001.0673821108593,1
5.000446311431788,2.8657941315157682,71.33502780970207,142.44495783506775,34.09589864826602,123.84274965901245,31.099132217324602,134.4888600060359,40.37208945488584,1263.634212456786,803.4119931712011,842.6167017506342,69.7079724918851,0.20997397343735127,3.0250582597109386,0.0,1.0,1104.2752463912116,1065.3066231708146,1
9.025484966295279,5.252147465464744,49.7445332211892,159.10745202346268,33.991595136714196,92.44525133622605,32.79415969864446,112.52090422402054,30.001329098381998,1512.862457568811,999.4531186010748,755.8396357144009,114.1103751404051,0.23812712850682194,2.63780580516171,1.0,1.0,783.0643348788017,877.3993661171919,1
8.172603601343445,3.838077439628345,61.217137784331165,106.53675823059578,40.17931387410454,90.66595938412978,28.723112419661575,141.71698805518622,23.264211329763928,1253.5323198626106,758.7773247186475,705.7430577240864,122.16205161611187,0.22769650965495025,4.622843293659551,0.0,1.77,988.0611513019437,1025.314522732805,1
9.809508717701084,3.4959926708337488,85.01073514407925,129.71322064655098,39.03018910292756,122.40100391649543,25.21981777427633,141.60864181513725,33.839420405901194,771.0285644184403,882.4471698400833,1288.1821507688576,105.00297376991526,0.20023924991079745,3.2829691580386533,0.0,1.33,1316.2366487702166,1034.4308663339664,1
10.303271541663937,2.922292613582787,57.4703719702759,157.6597100075556,32.59915494928505,169.77192049338413,35.39229576505919,109.87106837525054,31.224412213649895,923.8478164530497,774.7351708420993,966.3524848697006,121.59402904754452,0.2572722519892358,3.9729068722032927,0.0,1.77,976.7055017070813,882.8465949000431,1
6.992167230632818,3.237263967432548,82.22941152654803,132.9195490263692,31.606541792756058,124.63105413467541,35.592087117358204,125.58308446951841,26.149999079217707,1516.3379794058828,761.642635054415,1008.5358577679184,106.30765379025576,0.13843324447914634,4.57631260168711,0.0,1.33,865.7338486779327,1094.23649471073,1
6.45964669659746,4.226030466631541,45.804330189632736,138.2868188785619,32.90080496602524,138.9518291880101,24.468793071868458,141.13985621754094,36.099778049317855,1049.0442187198566,1092.3616465272776,1074.4831059626986,74.8064964958486,0.16707371567714424,2.8979338135352095,1.0,1.77,979.885228929155,1064.6254773750932,1
7.366945663284745,3.589725296069183,52.74019325578682,143.09153737878154,26.023912657103438,156.10769170582796,38.426926395071355,112.48374214473489,27.609383043907325,1410.8280562112923,922.9286499822222,1141.1789070283912,87.69236515498065,0.2978153694240137,4.588095553901795,0.0,1.33,1106.148365787879,727.4393539134467,1
8.668266174955601,4.475461368313849,59.28446295773075,145.81643012032382,54.35678995351821,154.12009629739714,26.772798668125965,82.94946102623089,36.32721458015649,1314.0239635575017,1076.513368861097,804.9090325841456,99.08213474709939,0.18383274156282672,4.795338263225154,0.0,1.77,867.0818372406244,1095.01111235687,1
7.081894728678971,5.349407557329921,48.13677312458152,140.85020240570367,26.80986922744019,150.43288520234373,34.59435590220061,143.88254058877197,30.009714188141647,1203.6932226971978,1302.954603827891,931.5773783099166,93.46612959275211,0.16569368504092952,2.9580868460820016,0.0,1.0,1038.671993963996,1041.1815511665031,1
6.861548477451681,4.079553873267292,47.92822532705021,150.92402688475985,35.66099209216725,141.3761349641104,34.967168798120554,122.33780594501565,27.06744973572338,1376.8913308271558,783.381132963363,887.3981921291181,120.85619538568683,0.192648787449517,3.881658827631328,0.0,1.77,1098.5218760703883,897.8527901520179,1
5.691508801605543,4.5185551913948725,80.41014054161558,140.66383384498673,35.13714505907074,151.22528365970274,32.25185948336498,147.79484559532114,36.471201276377684,1018.0657124330002,229.49766053903977,803.697497539488,120.21705027088257,0.21831176093011728,3.593043674886521,0.0,1.0,1199.0177489804812,1083.7401658268989,1
6.931014046368218,4.446017727445113,72.00830832130117,204.59517122044167,42.49275140329735,139.832193526227,30.446965425502132,124.37942229594422,22.463224232337303,1266.135885638304,726.7170078351646,910.6109651081769,106.75871757254998,0.2081337348101737,3.4092544113648966,0.0,1.77,814.6827242867392,917.8133588988887,1
5.974506504626992,2.2849272377110643,48.91457012965151,156.308258454417,43.5638321857353,125.77243544151189,35.782441771580494,76.40631802355091,33.95670744668167,899.0128963181297,1017.6160356757534,940.5394196224697,123.01035024459586,0.1762782175830041,4.7531275570741975,0.0,1.0,982.07388050552,786.5219006545456,1
6.728951919590992,6.088094577031015,68.37205084539673,137.35524030370718,34.75656876313909,67.94889912734087,29.88082289050312,90.0530749338305,30.80647516741366,1035.0060028329415,758.7530009343411,1026.8552090772637,92.58197882517358,0.2959312019728214,4.823701000536076,0.0,1.77,898.791953582529,806.6274215330669,1
6.995574362104164,6.121557998133105,57.02273312227408,117.95258446142165,36.12115821339241,147.96059993299843,31.21818431281714,169.29898929471696,25.125828634274868,1028.2575908719093,1015.1173390654517,1094.3113006282786,91.18070230745401,0.15607900388214258,6.805613685047595,1.0,1.77,988.604512743085,878.0888839552272,1
7.5283905054946025,4.2510844096548395,86.81131283199642,114.19137904055978,38.751789153397944,133.1817777034139,42.498791991632785,145.37121367772107,31.948131489810507,1079.974391256545,795.3133679735637,1074.7342702338233,55.442434771580956,0.15318579557075146,5.214926124195395,0.0,1.0,1485.5290555270756,1228.0173850270469,1
4.010914999830554,4.479441704912278,50.87990785594015,114.63800683231466,26.95956757325639,144.5087671967036,28.59309882465213,157.09912867270572,35.96269328718263,1443.4785963028623,762.4749114636973,1114.0877465660824,105.81135541605752,0.19629109124480176,3.07387365112855,1.0,1.33,1265.428099866396,1153.962637818183,1
4.961330831817401,4.163575053763621,71.91144562439166,165.89341268573764,31.033059892075084,150.57961800560528,33.655732545938505,100.15230482090999,34.80094777551441,1137.8858021081173,566.8940666081643,929.4751454292714,90.99643853962431,0.18970877605912032,5.47387411059823,0.0,1.77,902.211751133801,982.8231550676613,1
4.707739064054975,4.564124623499789,79.98114289075161,93.47400176669714,35.675946132503874,153.8449457214997,29.892611263471135,98.3308135197152,32.525781162764424,1350.413375844275,1145.9148790820032,1087.8182410995587,92.44784344021605,0.17504937223078493,5.03829394041273,0.0,1.0,1145.493522002876,1121.923581327968,1
8.264227544151014,4.110012457047335,47.136486387807835,127.44709550339887,28.95650084926423,133.8766653674704,30.765573017156548,190.06101978152378,35.36806285462879,1342.3870167222742,1053.6975479821003,911.8437647995556,83.11525102954815,0.21080653500916896,4.225879927241361,1.0,1.77,966.1944999023643,1156.1300996041116,1
8.895585044284756,5.693657492182091,78.52938772275635,135.6516232094893,43.39118164824298,170.13069548132853,32.69400227270755,162.96262484389177,30.24742211109947,1452.5581288877197,914.4340877800173,853.7150843936357,62.000214243209584,0.21131854833811747,4.101265833193963,0.0,1.0,882.1221007936069,976.18775271308,1
4.4403763029163095,4.051987123144667,64.6357116454898,123.60780701346391,33.585732530859985,114.33180867630838,37.59622458782048,121.75523878753505,38.7165332707571,1482.1869626352272,932.1698877612164,757.9723041886361,37.85255305666657,0.14639814634866044,2.3513982101216078,0.0,1.77,1082.4406786137981,690.9368486597311,1
4.104067141565476,5.264495731735544,64.30161168573879,136.31986803286006,38.38905415160073,170.98755173498793,30.894787682314746,131.94235447442594,31.15558151238783,1698.027408818498,488.1416218278144,1163.973523549314,87.12994378102341,0.248338586309209,3.211152935206331,0.0,1.77,1016.6552453712325,805.3563270069135,1
5.076680845217709,3.170614766185654,57.510024440691566,134.2736610841971,28.98825885982503,142.68276977376794,33.144731901021196,109.5929532253975,31.82567034979519,1381.07134208263,1264.1733709671141,1117.7589175863661,101.5316985852339,0.20799305429878442,5.235655474642191,0.0,1.33,940.6832810702498,1027.2798613273335,1
8.074645011293047,4.355447567047257,60.641743531864805,152.3545053570199,39.00023636515166,133.6224519905157,29.629094714609256,135.29769249727858,20.4362176210602,1047.4195011240363,406.2568201708626,597.8099719752399,44.345353764582235,0.2723675871226526,4.01677817916319,0.0,1.0,834.6926465175497,1100.272833422106,1
6.122579743014827,4.478983942103241,73.52244799714099,128.2688540584336,35.17920153954695,129.34175301865852,23.93292073673757,155.66390905804045,42.34363118996406,881.5513446897025,1161.7896516749859,797.9214928572159,93.31969537692662,0.29540061368948883,3.375473217529467,0.0,1.33,1317.771145169725,751.2169697969945,1
6.124683011407598,5.59477022360184,58.27019100318543,160.2471954243468,43.455146171594734,140.10413822927364,34.544952604277704,132.5723861402456,31.7868352918219,1625.6506087240678,935.9313316102575,915.2430308930607,116.04385572549405,0.17785388338791036,3.262334251281711,0.0,1.77,932.7482059071067,973.713387719796,1
3.8178705733968625,5.092382130648208,56.926850042029244,140.78489663831942,44.64546983839706,134.54766773828885,33.44591836559363,96.99014224364689,28.68198328589424,1252.3815113021503,607.8177785549267,1048.2028223477703,92.51977681612016,0.22206437277937197,5.2445906783898915,0.0,1.77,856.9812987677108,1252.322013782207,1
8.561175481968576,5.4036467745149555,71.73166914976416,109.12777389685543,32.59712304315897,127.53091988766249,23.451314629505344,114.4039693443683,26.72341214629774,1131.4997368737404,1507.1252720524355,994.9848936148627,93.16286136424168,0.2074894863617929,4.885255456064494,1.0,1.33,862.9124187031334,908.9703942993171,1
6.636144538497242,5.4345227897081765,67.52527567753182,146.20812856289706,35.4687064114161,143.80518882158904,33.008264525646275,101.1607763062458,30.27647532979891,831.5778352705619,967.8381594381813,884.6444940428221,153.48454056957155,0.2180052808124144,2.314912520486094,1.0,1.77,1275.0045919228785,935.5821400091922,1
3.33514405195272,5.180204413717178,39.29101941150523,129.09611396231287,33.454277086934034,133.46806402739762,35.445822285371676,110.85824009598115,28.357624486999434,1096.432411762653,982.9115506541334,1023.4785219299015,100.9001443805645,0.26219197548208684,4.4711609387811615,0.0,1.33,1092.0378285263828,1095.9261322002412,1
7.9578823891409005,3.369179070919447,50.11441087667033,125.64748311791004,38.21848339934806,157.74538320833258,29.96269946354199,155.42294478155736,30.740878854987564,1068.9285557093908,903.4954694400468,1179.1867275045176,98.13944541967675,0.33379127138238185,2.977330428403211,0.0,1.0,733.9544438485483,1128.513871452874,1
7.314916879894218,4.219406158734896,75.9353505108438,170.32498410625496,39.79261196884131,116.29338204721824,27.921444446865202,161.28539512005554,18.7366564383288,1062.7881212094717,1046.7616775468382,579.902143492599,95.85858097125748,0.26772145382929763,2.217308715875829,0.0,1.33,1272.7255310041237,1106.452477943539,1
10.102860198532976,2.638094420636003,32.20472275653646,136.8778278662483,35.09418677574655,139.81050474866055,29.768397423828276,124.38209963288791,32.205062463243614,1360.1077231612098,519.8892705299777,911.454534632449,95.34521984852658,0.1741011947694632,6.077403558120759,0.0,1.0,875.9867216243146,897.9415440490615,1
4.347046380045741,3.6247179435528074,73.63945839523831,178.15831821031736,20.4544980563768,126.67399762129594,33.513489971883665,135.67499417478535,41.39963799973734,597.3265226044832,380.4059343685301,1494.9310057691814,108.83584233118341,0.1914314206523545,4.205918527681546,0.0,1.77,1060.48264338416,907.8547866842717,1
8.121726231196698,3.186805861452595,69.63558887462352,140.76868957718747,21.023350093264543,122.36358608981533,33.67419097512311,118.63198141056222,14.71960732942689,1430.1875319565402,987.2625112797544,1106.4974299047533,78.16809619554391,0.2465744844073329,6.201784173504043,0.0,1.77,1054.5681329810213,1220.9372559574203,1
6.347109745543003,3.2935397071875068,38.36675289197919,156.200079628851,45.16458847047184,115.50859381857698,34.5668628431901,91.48275996093898,26.665819937628655,1166.9841963436368,569.7753011525115,995.6744193449482,69.08248816457136,0.25023796128691367,3.8015192294157645,0.0,1.33,1164.9158529201375,879.132605070406,1
5.422852653406752,3.6398894256582714,37.75523352026373,119.55794008487166,28.197017859161875,125.9254617384654,28.306512508352185,84.44386221573103,42.13554138341689,1413.1351827573076,778.6157272656031,1065.3811351968664,100.43662724553238,0.2795542927386738,3.0176739680079057,0.0,1.33,1156.067529115847,824.7182982825404,1
7.027378974138987,5.6666732500258075,67.77739268946186,200.15559807133099,38.44614795374694,126.96403244263497,46.20443196500749,175.7436284857314,20.38255462920962,903.9590987679213,721.6052164509089,1154.9511050821734,104.27895092041972,0.24817259661977495,2.0441086486012594,0.0,1.33,928.2862680092426,1147.407606175066,1
8.948763340235123,5.54501813237737,52.13575885635182,154.95825434519637,24.65049862434914,119.88739880522648,38.96327444142025,119.21896953206581,18.79198867997554,1603.4247293328394,1073.6950622973384,1183.4747728733896,65.48826162695255,0.23420282852649352,4.309089965067034,0.0,1.77,872.2294718486842,1145.57462487254,1
11.350783178834163,3.1990981727746135,80.99544208458522,149.16624530368233,35.212519350694606,127.42929979561771,31.58391564883004,162.18853931156153,23.171514234260925,1031.2483172121372,1224.7800457209505,1236.0915264467194,61.93535152624391,0.21087040611094773,4.873609417400833,0.0,1.77,1123.5142178981646,1053.759027576623,1
6.481635293229722,3.5786910633333364,63.26703509623089,151.88971089821456,24.51862585192667,123.1472615783859,30.725265147982054,137.1727769594398,37.15986603556276,907.0647963508044,840.4483937000748,876.991813444828,69.96181024738647,0.2026406752443869,4.924962663985565,0.0,1.33,1042.9197273769023,941.639336806928,1
5.641652120701434,4.6605111477323105,44.17164764813945,146.4284616452024,44.066481170810775,88.06001148350595,24.293440609614432,148.91707892208564,38.18380724196518,977.5268174650796,510.3870646902015,1343.6618017457804,69.72337120213689,0.20193768285361938,4.382853846783732,0.0,1.77,924.0349942133864,1302.6892841391525,1
8.819227176850562,4.889420808740618,27.20350161398151,154.45479737638968,38.145201250456815,106.88107091592636,33.29355066736916,159.4417898952433,33.41619551156264,929.9576495749435,952.9182214784742,1175.2856634882878,91.48630085544123,0.28271424445534477,4.47481786820813,0.0,1.33,1115.3103383686625,940.4304141141653,1
5.327169702222453,3.456273446095347,46.3684549378804,182.1131208650863,40.053783962083415,135.51031152826224,38.755078762435005,87.64918897163147,22.015769212014444,555.508066951328,796.1288011728767,1038.8076464091407,92.57146444830835,0.22746709555299402,2.3067318027207016,1.0,1.77,1144.4732113921034,740.0856733614922,1
7.12298171759558,2.774681712098968,54.04015121172957,153.3591224659096,35.546561637535476,116.26612044485498,32.031365780922094,87.11701117317799,36.90160437538978,1048.6789951259373,1196.0809877361717,873.6323950969497,76.91060028983543,0.18179066066810767,5.0514087180316904,0.0,1.0,1034.0143188031584,904.6829146199517,1
6.376763910415455,5.674860367617139,62.143640814572606,193.29425205155408,42.556878273834144,133.10104040021147,31.471060622039424,175.66584785346168,30.823953455131374,1452.2303900679308,1390.6396148278668,950.9873517222138,98.7988841483754,0.26900020922831896,4.921000046827023,0.0,1.0,1138.0736099380752,949.7099468588219,1
8.928841606937352,2.717550111447737,82.84840060768259,159.49585285196707,41.92538134833664,114.55027230061003,32.361511813450655,138.37039801167685,31.529802012136162,1173.9143502116794,889.1641743130755,1032.4496994552783,115.83909887662968,0.1616743845779555,5.856460142686484,0.0,1.33,929.7018542388145,982.372957170965,1
4.427381505252459,3.9558466307036344,59.451150384856035,156.49124995205926,41.54110082612268,118.54188657832375,22.163374678870028,129.40514618026523,31.761225179811845,1162.3544219212604,878.1318855480104,1029.9405039193443,127.88612020880619,0.23908670844812546,3.5519578899962987,1.0,1.33,948.9703274356007,1071.8740266263364,1
6.098194988915256,4.115593860393754,46.524502681086545,147.51115149406942,39.945380154116414,98.653870517222,28.557036733674313,134.70532073704757,15.916100152719515,1535.0661084282297,793.5556207983279,774.8589954979773,84.81644309358029,0.2268686419399112,3.092232522457195,0.0,1.0,694.8426295269963,1263.9206410170684,1
7.906285084440007,4.8398487814791755,62.481054904495565,105.44956078268906,32.09829716266738,153.51917704524828,26.743899851087487,59.11045914497721,28.637363953314445,1064.5606114931154,979.823951611236,1174.8444744434887,105.94014530578022,0.2329384902621961,5.434637665704051,0.0,1.77,796.1545328780028,783.3626566120221,1
3.860763383133335,3.0929132731695548,83.30938363369282,165.00316809456254,32.250676156278075,141.58354385171967,28.608188769261307,140.1998333018864,23.17142557354801,1287.5628614934828,763.0652745314335,1193.4196068503577,79.31442729514146,0.1804962023200863,5.935596060699588,0.0,1.33,1137.7267462526897,823.0013395637673,1
